inventory,source_table,source_field,description_fr,has_value_domain,source_dictionary_sha256
PEP,PLACETTE,NO_PRJ,Numéro du projet à l'implantation de la placette,,80030759196a9339cce427aa8756d4429e299c8b801dec0618a19d6eeae6cdc3
PEP,PLACETTE,NO_VIREE,Numéro de la virée,,80030759196a9339cce427aa8756d4429e299c8b801dec0618a19d6eeae6cdc3
PEP,PLACETTE,NO_PE,Numéro de la placette-échantillon,,80030759196a9339cce427aa8756d4429e299c8b801dec0618a19d6eeae6cdc3
PEP,PLACETTE,ID_PE,Identifiant unique de placette-échantillon,,80030759196a9339cce427aa8756d4429e299c8b801dec0618a19d6eeae6cdc3
PEP,PLACETTE,TYPE_PE,Type de placette-échantillon,,80030759196a9339cce427aa8756d4429e299c8b801dec0618a19d6eeae6cdc3
PEP,PLACETTE,RESEAU,Identification du réseau d’implantation auquel appartient la placette,,80030759196a9339cce427aa8756d4429e299c8b801dec0618a19d6eeae6cdc3
PEP,PLACETTE,FEUILLET,Numéro du feuillet cartographique,,80030759196a9339cce427aa8756d4429e299c8b801dec0618a19d6eeae6cdc3
PEP,PLACETTE,LATITUDE,Latitude,,80030759196a9339cce427aa8756d4429e299c8b801dec0618a19d6eeae6cdc3
PEP,PLACETTE,LONGITUDE,Longitude,,80030759196a9339cce427aa8756d4429e299c8b801dec0618a19d6eeae6cdc3
PEP,PLACETTE,IN_GPS,Indicateur de positionnement GPS de la placette,,80030759196a9339cce427aa8756d4429e299c8b801dec0618a19d6eeae6cdc3
PEP,PLACETTE,STATUT_FIN,Statut indiquant la fin du remesurage,Oui,80030759196a9339cce427aa8756d4429e299c8b801dec0618a19d6eeae6cdc3
PEP,PLACETTE,DERN_SOND,Date du dernier sondage,,80030759196a9339cce427aa8756d4429e299c8b801dec0618a19d6eeae6cdc3
PEP,PLACETTE,DERN_TRSP,Transport utilisé lors de la dernière mesure,Oui,80030759196a9339cce427aa8756d4429e299c8b801dec0618a19d6eeae6cdc3
PEP,PLACETTE_MES,ID_PE,Identifiant unique de placette-échantillon,,80030759196a9339cce427aa8756d4429e299c8b801dec0618a19d6eeae6cdc3
PEP,PLACETTE_MES,NO_MES,Numéro de mesure,,80030759196a9339cce427aa8756d4429e299c8b801dec0618a19d6eeae6cdc3
PEP,PLACETTE_MES,ID_PE_MES,Identifiant unique de placette-échantillon suivi du numéro de mesure,,80030759196a9339cce427aa8756d4429e299c8b801dec0618a19d6eeae6cdc3
PEP,PLACETTE_MES,VERSION,Version de type de placette-échantillon,,80030759196a9339cce427aa8756d4429e299c8b801dec0618a19d6eeae6cdc3
PEP,PLACETTE_MES,DIMENSION,Dimension de la placette-échantillon,Oui,80030759196a9339cce427aa8756d4429e299c8b801dec0618a19d6eeae6cdc3
PEP,PLACETTE_MES,NO_PRJ_MES,Numéro du projet de la mesure,,80030759196a9339cce427aa8756d4429e299c8b801dec0618a19d6eeae6cdc3
PEP,PLACETTE_MES,DATE_SOND,Date du sondage,,80030759196a9339cce427aa8756d4429e299c8b801dec0618a19d6eeae6cdc3
PEP,PLACETTE_MES,STATUT_MES,Statut de la placette lors de la mesure,Oui,80030759196a9339cce427aa8756d4429e299c8b801dec0618a19d6eeae6cdc3
PEP,PLAN_RESEAU,RESEAU,Identification du réseau d’implantation auquel appartient la placette,Oui,80030759196a9339cce427aa8756d4429e299c8b801dec0618a19d6eeae6cdc3
PEP,PLAN_RESEAU,NB_INITIAL,Nombre de placette-échantillon lors de l'établissement du réseau,,80030759196a9339cce427aa8756d4429e299c8b801dec0618a19d6eeae6cdc3
PEP,PLAN_RESEAU,NB_ABANDON,Nombre de placette-échantillon abandonné,,80030759196a9339cce427aa8756d4429e299c8b801dec0618a19d6eeae6cdc3
PEP,PLAN_RESEAU,NB_REIMPL,Nombre de placette-échantillon réimplanté,,80030759196a9339cce427aa8756d4429e299c8b801dec0618a19d6eeae6cdc3
PEP,PLAN_RESEAU,NB_REPORTE,Nombre de placette-échantillon où le mesurage à été reporté,,80030759196a9339cce427aa8756d4429e299c8b801dec0618a19d6eeae6cdc3
PEP,PLAN_RESEAU,NB_ACTIF,Nombre de placette-échantillon actif,,80030759196a9339cce427aa8756d4429e299c8b801dec0618a19d6eeae6cdc3
PEP,PLAN_REGION_BAS1,REG_BAS1,Régions définissant l'intensité de l'échantillonnage du réseau BAS1,,80030759196a9339cce427aa8756d4429e299c8b801dec0618a19d6eeae6cdc3
PEP,PLAN_REGION_BAS1,SUPERFICIE,Superficie calculée dans la projection conique équivalente d'Albers (ha),,80030759196a9339cce427aa8756d4429e299c8b801dec0618a19d6eeae6cdc3
PEP,PLAN_REGION_BAS2,REG_BAS2,Régions définissant l'intensité de l'échantillonnage du réseau BAS2,,80030759196a9339cce427aa8756d4429e299c8b801dec0618a19d6eeae6cdc3
PEP,PLAN_REGION_BAS2,SUPERFICIE,Superficie calculée dans la projection conique équivalente d'Albers (ha),,80030759196a9339cce427aa8756d4429e299c8b801dec0618a19d6eeae6cdc3
PEP,PLAN_DESCR_TYPE_PE,TYPE_PE,Type de placette-échantillon,,80030759196a9339cce427aa8756d4429e299c8b801dec0618a19d6eeae6cdc3
PEP,PLAN_DESCR_TYPE_PE,FORME,Forme de la placette-échantillon,Oui,80030759196a9339cce427aa8756d4429e299c8b801dec0618a19d6eeae6cdc3
PEP,PLAN_DESCR_TYPE_PE,DESC_FORME,Description de la forme,,80030759196a9339cce427aa8756d4429e299c8b801dec0618a19d6eeae6cdc3
PEP,PLAN_DESCR_TYPE_PE,DIMENSION,Dimension de la placette-échantillon,Oui,80030759196a9339cce427aa8756d4429e299c8b801dec0618a19d6eeae6cdc3
PEP,PLAN_DESCR_TYPE_PE,RAYON,"Rayon de la placette-échantillon, de la sous-placette ou de la micro-placette implantée",,80030759196a9339cce427aa8756d4429e299c8b801dec0618a19d6eeae6cdc3
PEP,PLAN_DESCR_TYPE_PE,LARGEUR,"Largeur de la placette-échantillon, de la sous-placette ou de la micro-placette implantée",,80030759196a9339cce427aa8756d4429e299c8b801dec0618a19d6eeae6cdc3
PEP,PLAN_DESCR_TYPE_PE,LONGUEUR,"Longueur de la placette-échantillon, de la sous-placette ou de la micro-placette implantée",,80030759196a9339cce427aa8756d4429e299c8b801dec0618a19d6eeae6cdc3
PEP,PLAN_DESCR_TYPE_PE,NOMBRE,"Nombre de placette-échantillon, de sous-placette ou de micro-placette implantée",,80030759196a9339cce427aa8756d4429e299c8b801dec0618a19d6eeae6cdc3
PEP,PLAN_DESCR_TYPE_PE,SUPERFICIE,"Superficie de la placette-échantillon, de la sous-placette ou de la micro-placette implantée (m²)",,80030759196a9339cce427aa8756d4429e299c8b801dec0618a19d6eeae6cdc3
PEP,PLAN_DESCR_TYPE_PE,FACTEXP_PE,"Composante du facteur d'expansion liée à la superficie de la placette-échantillon, de la sous-placette ou de la micro-placette implantée (PE/ha)",,80030759196a9339cce427aa8756d4429e299c8b801dec0618a19d6eeae6cdc3
PEP,PLAN_DESCR_TYPE_PE,MET_EVAL,Méthode d'évaluation,,80030759196a9339cce427aa8756d4429e299c8b801dec0618a19d6eeae6cdc3
PEP,PLAN_DESCR_TYPE_PE,IN_DNB,Indicateur d'une évaluation par un dénombrement,,80030759196a9339cce427aa8756d4429e299c8b801dec0618a19d6eeae6cdc3
PEP,PLAN_DESCR_TYPE_PE,IN_DNB_CL,Indicateur d'une évaluation par un dénombrement par classe (classes de hauteur semis et classes de DHP),,80030759196a9339cce427aa8756d4429e299c8b801dec0618a19d6eeae6cdc3
PEP,PLAN_DESCR_TYPE_PE,IN_DNB_HT,Indicateur d'une évaluation par un dénombrement par classe de hauteur,,80030759196a9339cce427aa8756d4429e299c8b801dec0618a19d6eeae6cdc3
PEP,PLAN_DESCR_TYPE_PE,IN_PRE,Indicateur d'une évaluation par la présence,,80030759196a9339cce427aa8756d4429e299c8b801dec0618a19d6eeae6cdc3
PEP,PLAN_DESCR_TYPE_PE,IN_PRE_CL,Indicateur d'une évaluation par la présence par classe (classes de hauteur semis et classes de DHP),,80030759196a9339cce427aa8756d4429e299c8b801dec0618a19d6eeae6cdc3
PEP,PLAN_DESCR_TYPE_PE,IN_PRE_ET,Indicateur d'une évaluation par la présence selon l'étage,,80030759196a9339cce427aa8756d4429e299c8b801dec0618a19d6eeae6cdc3
PEP,PLAN_DESCR_TYPE_PE,IN_REC,Indicateur d'une évaluation par une estimation du recouvrement,,80030759196a9339cce427aa8756d4429e299c8b801dec0618a19d6eeae6cdc3
PEP,PLAN_DESCR_TYPE_PE,IN_REC_ET,Indicateur d'une évaluation par une estimation du recouvrement,,80030759196a9339cce427aa8756d4429e299c8b801dec0618a19d6eeae6cdc3
PEP,PLAN_DESCR_TYPE_PE,DESCR_CDT,Description des conditions de l'évaluation,,80030759196a9339cce427aa8756d4429e299c8b801dec0618a19d6eeae6cdc3
PEP,PLAN_DESCR_TYPE_PE,IN_PEP_1,Indicateur d'évaluation dans la première placette-échantillon permanente d'une virée,,80030759196a9339cce427aa8756d4429e299c8b801dec0618a19d6eeae6cdc3
PEP,PLAN_DESCR_TYPE_PE,IN_PEP_2,Indicateur d'évaluation dans la deuxième placette-échantillon permanente d'une virée,,80030759196a9339cce427aa8756d4429e299c8b801dec0618a19d6eeae6cdc3
PEP,PLAN_DESCR_TYPE_PE,IN_MPAIR,Indicateur d'évaluation dans les micro-placettes ayant un numéro pair,,80030759196a9339cce427aa8756d4429e299c8b801dec0618a19d6eeae6cdc3
PEP,PLAN_DESCR_TYPE_PE,IN_MIMPAIR,Indicateur d'évaluation dans les micro-placettes ayant un numéro impair,,80030759196a9339cce427aa8756d4429e299c8b801dec0618a19d6eeae6cdc3
PEP,PLAN_DESCR_TYPE_PE,IN_TIGES,Indicateur d'évaluation des tiges marchandes,,80030759196a9339cce427aa8756d4429e299c8b801dec0618a19d6eeae6cdc3
PEP,PLAN_DESCR_TYPE_PE,IN_DHP_32M,Indicateur d'évaluation des tiges ayant un DHP inférieur à 32 cm,,80030759196a9339cce427aa8756d4429e299c8b801dec0618a19d6eeae6cdc3
PEP,PLAN_DESCR_TYPE_PE,IN_DHP_32P,Indicateur d'évaluation des tiges ayant un DHP équivalent ou supérieur à 32 cm,,80030759196a9339cce427aa8756d4429e299c8b801dec0618a19d6eeae6cdc3
PEP,PLAN_DESCR_TYPE_PE,IN_GAULES,Indicateur d'évaluation des gaules,,80030759196a9339cce427aa8756d4429e299c8b801dec0618a19d6eeae6cdc3
PEP,PLAN_DESCR_TYPE_PE,IN_SEMIS,Indicateur d'évaluation des semis,,80030759196a9339cce427aa8756d4429e299c8b801dec0618a19d6eeae6cdc3
PEP,PLAN_DESCR_TYPE_PE,IN_ESS_C,Indicateur d'évaluation des essences commerciales,,80030759196a9339cce427aa8756d4429e299c8b801dec0618a19d6eeae6cdc3
PEP,PLAN_DESCR_TYPE_PE,IN_ESS_NC,Indicateur d'évaluation des essences non-commerciales,,80030759196a9339cce427aa8756d4429e299c8b801dec0618a19d6eeae6cdc3
PEP,PLAN_DESCR_TYPE_PE,IN_ESS_FEU,Indicateur d'évaluation des essences feuillues,,80030759196a9339cce427aa8756d4429e299c8b801dec0618a19d6eeae6cdc3
PEP,PLAN_DESCR_TYPE_PE,IN_ESS_RES,Indicateur d'évaluation des essences résineuses,,80030759196a9339cce427aa8756d4429e299c8b801dec0618a19d6eeae6cdc3
PEP,PLAN_DESCR_TYPE_PE,IN_SEPM,"Indicateur d'évaluation du sapin, des épinettes, du pin gris et des mélèzes",,80030759196a9339cce427aa8756d4429e299c8b801dec0618a19d6eeae6cdc3
PEP,PLAN_DESCR_TYPE_PE,IN_FI,Indicateur d'évaluation des feuillus intolérants,,80030759196a9339cce427aa8756d4429e299c8b801dec0618a19d6eeae6cdc3
PEP,PLAN_DESCR_TYPE_PE,IN_AUT,Indicateur d'évaluation des essences commerciales n'étant pas incluses dans les groupes SEPM et FI,,80030759196a9339cce427aa8756d4429e299c8b801dec0618a19d6eeae6cdc3
PEP,PLAN_DESCR_TYPE_PE,IN_ET_CODO,Indicateur d'évaluation des tiges présentes dans l'étage des co-dominants,,80030759196a9339cce427aa8756d4429e299c8b801dec0618a19d6eeae6cdc3
PEP,PLAN_DESCR_TYPE_PE,IN_ET_DOMI,Indicateur d'évaluation des tiges présentes dans l'étage des dominants,,80030759196a9339cce427aa8756d4429e299c8b801dec0618a19d6eeae6cdc3
PEP,PLAN_DESCR_TYPE_PE,IN_ET_OP,Indicateur d'évaluation des tiges présentes dans l'étage des opprimées,,80030759196a9339cce427aa8756d4429e299c8b801dec0618a19d6eeae6cdc3
PEP,PLAN_DESCR_TYPE_PE,IN_ET_VET,Indicateur d'évaluation des tiges présentes dans l'étage des vétérans,,80030759196a9339cce427aa8756d4429e299c8b801dec0618a19d6eeae6cdc3
PEP,PLAN_COMPOSANTE_FACTEXP_REGION,ID_PE,Identifiant unique de placette-échantillon,,80030759196a9339cce427aa8756d4429e299c8b801dec0618a19d6eeae6cdc3
PEP,PLAN_COMPOSANTE_FACTEXP_REGION,RESEAU,Identification du réseau d’implantation auquel appartient la placette,Oui,80030759196a9339cce427aa8756d4429e299c8b801dec0618a19d6eeae6cdc3
PEP,PLAN_COMPOSANTE_FACTEXP_REGION,REG_BAS1,Région définissant l'intensité de l'échantillonnage des placettes-échantillons du réseau BAS1,,80030759196a9339cce427aa8756d4429e299c8b801dec0618a19d6eeae6cdc3
PEP,PLAN_COMPOSANTE_FACTEXP_REGION,REG_BAS2,Régions écologiques de Thibault (1985) définissant l'intensité de l'échantillonnage des placettes-échantillons du réseau BAS2,,80030759196a9339cce427aa8756d4429e299c8b801dec0618a19d6eeae6cdc3
PEP,PEE_ORI_SOND,ID_PE,Identifiant unique de placette-échantillon,,80030759196a9339cce427aa8756d4429e299c8b801dec0618a19d6eeae6cdc3
PEP,PEE_ORI_SOND,NO_MES,Numéro de mesurage,,80030759196a9339cce427aa8756d4429e299c8b801dec0618a19d6eeae6cdc3
PEP,PEE_ORI_SOND,ID_PE_MES,Identifiant unique de placette-échantillon suivi du numéro de mesurage,,80030759196a9339cce427aa8756d4429e299c8b801dec0618a19d6eeae6cdc3
PEP,PEE_ORI_SOND,GEOCODE,Coordonnées métriques en X et Y d'un point situé à l'intérieur du polygone,,80030759196a9339cce427aa8756d4429e299c8b801dec0618a19d6eeae6cdc3
PEP,PEE_ORI_SOND,ORIGINE,Perturbation d'origine,Oui,80030759196a9339cce427aa8756d4429e299c8b801dec0618a19d6eeae6cdc3
PEP,PEE_ORI_SOND,AN_ORIGINE,Année de la perturbation d'origine,,80030759196a9339cce427aa8756d4429e299c8b801dec0618a19d6eeae6cdc3
PEP,PEE_ORI_SOND,PERTURB,Perturbation partielle,Oui,80030759196a9339cce427aa8756d4429e299c8b801dec0618a19d6eeae6cdc3
PEP,PEE_ORI_SOND,AN_PERTURB,Année de la perturbation partielle,,80030759196a9339cce427aa8756d4429e299c8b801dec0618a19d6eeae6cdc3
PEP,PEE_ORI_SOND,REB_ESS1,Essence reboisée 1,Oui,80030759196a9339cce427aa8756d4429e299c8b801dec0618a19d6eeae6cdc3
PEP,PEE_ORI_SOND,REB_ESS2,Essence reboisée 2,Oui,80030759196a9339cce427aa8756d4429e299c8b801dec0618a19d6eeae6cdc3
PEP,PEE_ORI_SOND,REB_ESS3,Essence reboisée 3,Oui,80030759196a9339cce427aa8756d4429e299c8b801dec0618a19d6eeae6cdc3
PEP,PEE_ORI_SOND,ET_DOMI,Étage dominant en surface terrière,,80030759196a9339cce427aa8756d4429e299c8b801dec0618a19d6eeae6cdc3
PEP,PEE_ORI_SOND,PART_STR,Particularité du peuplement ou de la strate,Oui,80030759196a9339cce427aa8756d4429e299c8b801dec0618a19d6eeae6cdc3
PEP,PEE_ORI_SOND,TYPE_COUV,Grand type de couvert,Oui,80030759196a9339cce427aa8756d4429e299c8b801dec0618a19d6eeae6cdc3
PEP,PEE_ORI_SOND,GR_ESS,Groupement d'essences,Oui,80030759196a9339cce427aa8756d4429e299c8b801dec0618a19d6eeae6cdc3
PEP,PEE_ORI_SOND,CL_DENS,Classe de densité,Oui,80030759196a9339cce427aa8756d4429e299c8b801dec0618a19d6eeae6cdc3
PEP,PEE_ORI_SOND,CL_HAUT,Classe de hauteur,Oui,80030759196a9339cce427aa8756d4429e299c8b801dec0618a19d6eeae6cdc3
PEP,PEE_ORI_SOND,CL_AGE,Classe d'âge,Oui,80030759196a9339cce427aa8756d4429e299c8b801dec0618a19d6eeae6cdc3
PEP,PEE_ORI_SOND,ETAGEMENT,Étagement du peuplement,Oui,80030759196a9339cce427aa8756d4429e299c8b801dec0618a19d6eeae6cdc3
PEP,PEE_ORI_SOND,COUV_GAULE,Type de couvert et classe de pourcentage des gaules,,80030759196a9339cce427aa8756d4429e299c8b801dec0618a19d6eeae6cdc3
PEP,PEE_ORI_SOND,CL_PENT,Classe de pente,Oui,80030759196a9339cce427aa8756d4429e299c8b801dec0618a19d6eeae6cdc3
PEP,PEE_ORI_SOND,DEP_SUR,Dépôt de surface,Oui,80030759196a9339cce427aa8756d4429e299c8b801dec0618a19d6eeae6cdc3
PEP,PEE_ORI_SOND,CL_DRAI,Classe de drainage,Oui,80030759196a9339cce427aa8756d4429e299c8b801dec0618a19d6eeae6cdc3
PEP,PEE_ORI_SOND,TYPE_ECO,Type écologique,Oui,80030759196a9339cce427aa8756d4429e299c8b801dec0618a19d6eeae6cdc3
PEP,PEE_ORI_SOND,CO_TER,Code de terrain,Oui,80030759196a9339cce427aa8756d4429e299c8b801dec0618a19d6eeae6cdc3
PEP,PEE_ORI_SOND,TYPE_TER,Type de terrain,Oui,80030759196a9339cce427aa8756d4429e299c8b801dec0618a19d6eeae6cdc3
PEP,PEE_ORI_SOND,AN_PRO_ORI,Année du produit source de la photo-interprétation originale,,80030759196a9339cce427aa8756d4429e299c8b801dec0618a19d6eeae6cdc3
PEP,PEE_ORI_SOND,STRATE,Strate cartographique,,80030759196a9339cce427aa8756d4429e299c8b801dec0618a19d6eeae6cdc3
PEP,PEE_ORI_SOND,ETAT_STR,État de la strate cartographique,Oui,80030759196a9339cce427aa8756d4429e299c8b801dec0618a19d6eeae6cdc3
PEP,PEE_ORI_SOND,OR_STRATE,Identification d'où provient la donnée cartographique pour la diffusion correspondant à la carte,,80030759196a9339cce427aa8756d4429e299c8b801dec0618a19d6eeae6cdc3
PEP,PEE_ORI_SOND,NO_PRG,Numéro de programme,Oui,80030759196a9339cce427aa8756d4429e299c8b801dec0618a19d6eeae6cdc3
PEP,PEE_ORI_SOND,IN_ETAGE,Indicateur de présence de variables dendrométriques photointerpretées détaillées par étages des peuplements,,80030759196a9339cce427aa8756d4429e299c8b801dec0618a19d6eeae6cdc3
PEP,PEE_ORI_SOND,IN_ESSENCE,Indicateur de présence d'une composition en essences détaillées,,80030759196a9339cce427aa8756d4429e299c8b801dec0618a19d6eeae6cdc3
PEP,PEE_ETAGE_ORI_SOND,ID_PE,Identifiant unique de placette-échantillon,,80030759196a9339cce427aa8756d4429e299c8b801dec0618a19d6eeae6cdc3
PEP,PEE_ETAGE_ORI_SOND,NO_MES,Numéro de mesure,,80030759196a9339cce427aa8756d4429e299c8b801dec0618a19d6eeae6cdc3
PEP,PEE_ETAGE_ORI_SOND,ID_PE_MES,Identifiant unique de placette-échantillon suivi du numéro de mesurage,,80030759196a9339cce427aa8756d4429e299c8b801dec0618a19d6eeae6cdc3
PEP,PEE_ETAGE_ORI_SOND,GEOCODE,Coordonnées métriques en X et Y d'un point situé à l'intérieur du polygone,,80030759196a9339cce427aa8756d4429e299c8b801dec0618a19d6eeae6cdc3
PEP,PEE_ETAGE_ORI_SOND,ETAGE,Étage caractérisé,,80030759196a9339cce427aa8756d4429e299c8b801dec0618a19d6eeae6cdc3
PEP,PEE_ETAGE_ORI_SOND,TY_COUV_ET,Type de couvert,Oui,80030759196a9339cce427aa8756d4429e299c8b801dec0618a19d6eeae6cdc3
PEP,PEE_ETAGE_ORI_SOND,DENSITE,Densité du couvert forestier (%),,80030759196a9339cce427aa8756d4429e299c8b801dec0618a19d6eeae6cdc3
PEP,PEE_ETAGE_ORI_SOND,HAUTEUR,Hauteur (m),,80030759196a9339cce427aa8756d4429e299c8b801dec0618a19d6eeae6cdc3
PEP,PEE_ETAGE_ORI_SOND,CL_AGE_ET,Classe d'âge,Oui,80030759196a9339cce427aa8756d4429e299c8b801dec0618a19d6eeae6cdc3
PEP,PEE_ETAGE_ORI_SOND,ETA_ESS_PC,Concaténation des essences et de leur proportion de la surface terrière totale qu'elles occupent,,80030759196a9339cce427aa8756d4429e299c8b801dec0618a19d6eeae6cdc3
PEP,PEE_ESSENCE_ORI_SOND,ID_PE,Identifiant unique de placette-échantillon,,80030759196a9339cce427aa8756d4429e299c8b801dec0618a19d6eeae6cdc3
PEP,PEE_ESSENCE_ORI_SOND,NO_MES,Numéro de mesure,,80030759196a9339cce427aa8756d4429e299c8b801dec0618a19d6eeae6cdc3
PEP,PEE_ESSENCE_ORI_SOND,ID_PE_MES,Identifiant unique de placette-échantillon suivi du numéro de mesurage,,80030759196a9339cce427aa8756d4429e299c8b801dec0618a19d6eeae6cdc3
PEP,PEE_ESSENCE_ORI_SOND,GEOCODE,Coordonnées métriques en X et Y d'un point situé à l'intérieur du polygone,,80030759196a9339cce427aa8756d4429e299c8b801dec0618a19d6eeae6cdc3
PEP,PEE_ESSENCE_ORI_SOND,ETAGE,Étage caractérisé,,80030759196a9339cce427aa8756d4429e299c8b801dec0618a19d6eeae6cdc3
PEP,PEE_ESSENCE_ORI_SOND,ESSENCE,Essence individuelle ou groupe d’essences,Oui,80030759196a9339cce427aa8756d4429e299c8b801dec0618a19d6eeae6cdc3
PEP,PEE_ESSENCE_ORI_SOND,ST_ESS_PC,Surface terrière relative occupée par l'essence ou le groupe d’essences (%),,80030759196a9339cce427aa8756d4429e299c8b801dec0618a19d6eeae6cdc3
PEP,STATION_PE,ID_PE,Identifiant unique de placette-échantillon,,80030759196a9339cce427aa8756d4429e299c8b801dec0618a19d6eeae6cdc3
PEP,STATION_PE,NO_MES,Numéro de mesurage,,80030759196a9339cce427aa8756d4429e299c8b801dec0618a19d6eeae6cdc3
PEP,STATION_PE,ID_PE_MES,Identifiant unique de placette-échantillon suivi du numéro de mesurage,,80030759196a9339cce427aa8756d4429e299c8b801dec0618a19d6eeae6cdc3
PEP,STATION_PE,ORIGINE,Perturbation d'origine,Oui,80030759196a9339cce427aa8756d4429e299c8b801dec0618a19d6eeae6cdc3
PEP,STATION_PE,PERTURB,Perturbation partielle,Oui,80030759196a9339cce427aa8756d4429e299c8b801dec0618a19d6eeae6cdc3
PEP,STATION_PE,REB_ESS1,Essence reboisée 1,Oui,80030759196a9339cce427aa8756d4429e299c8b801dec0618a19d6eeae6cdc3
PEP,STATION_PE,REB_ESS2,Essence reboisée 2,Oui,80030759196a9339cce427aa8756d4429e299c8b801dec0618a19d6eeae6cdc3
PEP,STATION_PE,REB_ESS3,Essence reboisée 3,Oui,80030759196a9339cce427aa8756d4429e299c8b801dec0618a19d6eeae6cdc3
PEP,STATION_PE,REB_ESS4,Essence reboisée 4,Oui,80030759196a9339cce427aa8756d4429e299c8b801dec0618a19d6eeae6cdc3
PEP,STATION_PE,REB_ESS5,Essence reboisée 5,Oui,80030759196a9339cce427aa8756d4429e299c8b801dec0618a19d6eeae6cdc3
PEP,STATION_PE,PART_STR,Particularité du peuplement ou de la strate,Oui,80030759196a9339cce427aa8756d4429e299c8b801dec0618a19d6eeae6cdc3
PEP,STATION_PE,TYPE_COUV,Grand type de couvert,Oui,80030759196a9339cce427aa8756d4429e299c8b801dec0618a19d6eeae6cdc3
PEP,STATION_PE,GR_ESS,Groupement d'essences,Oui,80030759196a9339cce427aa8756d4429e299c8b801dec0618a19d6eeae6cdc3
PEP,STATION_PE,CL_DENS,Classe de densité,Oui,80030759196a9339cce427aa8756d4429e299c8b801dec0618a19d6eeae6cdc3
PEP,STATION_PE,CL_HAUT,Classe de hauteur,Oui,80030759196a9339cce427aa8756d4429e299c8b801dec0618a19d6eeae6cdc3
PEP,STATION_PE,CL_AGE,Classe d'âge,Oui,80030759196a9339cce427aa8756d4429e299c8b801dec0618a19d6eeae6cdc3
PEP,STATION_PE,STADE_DEV,Stade de développement du peuplement (1er programme),Oui,80030759196a9339cce427aa8756d4429e299c8b801dec0618a19d6eeae6cdc3
PEP,STATION_PE,HAUT_DOMI,Hauteur dominante,,80030759196a9339cce427aa8756d4429e299c8b801dec0618a19d6eeae6cdc3
PEP,STATION_PE,CL_PENT,Classe de pente,Oui,80030759196a9339cce427aa8756d4429e299c8b801dec0618a19d6eeae6cdc3
PEP,STATION_PE,DEP_SUR,Nature du surface,Oui,80030759196a9339cce427aa8756d4429e299c8b801dec0618a19d6eeae6cdc3
PEP,STATION_PE,CL_DRAI,Classe de drainage,Oui,80030759196a9339cce427aa8756d4429e299c8b801dec0618a19d6eeae6cdc3
PEP,STATION_PE,VEG_POT,Végétation potentielle,Oui,80030759196a9339cce427aa8756d4429e299c8b801dec0618a19d6eeae6cdc3
PEP,STATION_PE,TYPE_ECO,Type écologique,Oui,80030759196a9339cce427aa8756d4429e299c8b801dec0618a19d6eeae6cdc3
PEP,STATION_PE,CO_TER,Code de terrain,Oui,80030759196a9339cce427aa8756d4429e299c8b801dec0618a19d6eeae6cdc3
PEP,STATION_PE,NATURE_DEP,Type de dépôt,,80030759196a9339cce427aa8756d4429e299c8b801dec0618a19d6eeae6cdc3
PEP,STATION_PE,TEXT_SYNTH,Texture synthèse,,80030759196a9339cce427aa8756d4429e299c8b801dec0618a19d6eeae6cdc3
PEP,STATION_PE,DRAI_SYNTH,Drainage synthèse,,80030759196a9339cce427aa8756d4429e299c8b801dec0618a19d6eeae6cdc3
PEP,STATION_PE,PART_MPHYS,Particularité du milieu physique,Oui,80030759196a9339cce427aa8756d4429e299c8b801dec0618a19d6eeae6cdc3
PEP,STATION_PE,GUIDE_ECO,Guide de reconnaissance des types écologiques considéré,,80030759196a9339cce427aa8756d4429e299c8b801dec0618a19d6eeae6cdc3
PEP,STATION_PE,PHYS_COUV,Physionomie du couvert,Oui,80030759196a9339cce427aa8756d4429e299c8b801dec0618a19d6eeae6cdc3
PEP,STATION_PE,COUV_ARBO1,Première essence du couvert arborescent,Oui,80030759196a9339cce427aa8756d4429e299c8b801dec0618a19d6eeae6cdc3
PEP,STATION_PE,COUV_ARBO2,Deuxième essence du couvert arborescent,Oui,80030759196a9339cce427aa8756d4429e299c8b801dec0618a19d6eeae6cdc3
PEP,STATION_PE,COUV_ARBO3,Troisième essence du couvert arborescent,Oui,80030759196a9339cce427aa8756d4429e299c8b801dec0618a19d6eeae6cdc3
PEP,STATION_PE,COUV_ARBO,Composition du couvert arborescent,Oui,80030759196a9339cce427aa8756d4429e299c8b801dec0618a19d6eeae6cdc3
PEP,STATION_PE,GR_ECO_EL1,Premier groupe écologique élémentaire du groupe d'espèces indicatrices,Oui,80030759196a9339cce427aa8756d4429e299c8b801dec0618a19d6eeae6cdc3
PEP,STATION_PE,GR_ECO_EL2,Deuxième groupe écologique élémentaire du groupe d'espèces indicatrices,Oui,80030759196a9339cce427aa8756d4429e299c8b801dec0618a19d6eeae6cdc3
PEP,STATION_PE,GR_ECO_EL3,Troisième groupe écologique élémentaire du groupe d'espèces indicatrices,Oui,80030759196a9339cce427aa8756d4429e299c8b801dec0618a19d6eeae6cdc3
PEP,STATION_PE,GRESP_INDI,Groupe d'espèces indicatrices,Oui,80030759196a9339cce427aa8756d4429e299c8b801dec0618a19d6eeae6cdc3
PEP,STATION_PE,TYPE_FOR,Description de la végétation des espèces arborescente et des espèces indicatrices de sous-bois de la station,,80030759196a9339cce427aa8756d4429e299c8b801dec0618a19d6eeae6cdc3
PEP,STATION_PE,ALTITUDE,Altitude de la placette récupérée géomatiquement (m),,80030759196a9339cce427aa8756d4429e299c8b801dec0618a19d6eeae6cdc3
PEP,STATION_PE,VERSANT,Position du versant,Oui,80030759196a9339cce427aa8756d4429e299c8b801dec0618a19d6eeae6cdc3
PEP,STATION_PE,EXPOSITION,Orientation magnétique du versant,,80030759196a9339cce427aa8756d4429e299c8b801dec0618a19d6eeae6cdc3
PEP,STATION_PE,RELIEF,Relief du terrain,,80030759196a9339cce427aa8756d4429e299c8b801dec0618a19d6eeae6cdc3
PEP,STATION_PE,PC_PENT,Pourcentage d'inclinaison de la pente (41% et plus),,80030759196a9339cce427aa8756d4429e299c8b801dec0618a19d6eeae6cdc3
PEP,STATION_PE,INEGALITE,Inégalité du terrain,Oui,80030759196a9339cce427aa8756d4429e299c8b801dec0618a19d6eeae6cdc3
PEP,STATION_PE,SITUAPENTE,Position de la placette sur la pente,Oui,80030759196a9339cce427aa8756d4429e299c8b801dec0618a19d6eeae6cdc3
PEP,STATION_PE,FORMEPENTE,Forme de la pente,Oui,80030759196a9339cce427aa8756d4429e299c8b801dec0618a19d6eeae6cdc3
PEP,STATION_PE,DC_SUP_AFT,Description de la superficie affectée,,80030759196a9339cce427aa8756d4429e299c8b801dec0618a19d6eeae6cdc3
PEP,STATION_PE,PC_SUP_AFT,Pourcentage de la superficie affectée,,80030759196a9339cce427aa8756d4429e299c8b801dec0618a19d6eeae6cdc3
PEP,STATION_PE,PC_REC_IF,Pourcentage de recouvrement de l'If (%),,80030759196a9339cce427aa8756d4429e299c8b801dec0618a19d6eeae6cdc3
PEP,STATION_PE,PCRECIF60,Pourcentage de recouvrement de l'If à une hauteur de 60cm et plus (%),,80030759196a9339cce427aa8756d4429e299c8b801dec0618a19d6eeae6cdc3
PEP,STATION_PE,IN_ETAGE,Indicateur de présence de variables dendrométriques photointerpretées détaillées par étages des peuplements,,80030759196a9339cce427aa8756d4429e299c8b801dec0618a19d6eeae6cdc3
PEP,STATION_PE,IN_ESSENCE,Indicateur de présence d'une composition en essences détaillées,,80030759196a9339cce427aa8756d4429e299c8b801dec0618a19d6eeae6cdc3
PEP,STATION_SEMIS,ID_PE,Identifiant unique de placette-échantillon,,80030759196a9339cce427aa8756d4429e299c8b801dec0618a19d6eeae6cdc3
PEP,STATION_SEMIS,NO_MES,Numéro de mesurage,,80030759196a9339cce427aa8756d4429e299c8b801dec0618a19d6eeae6cdc3
PEP,STATION_SEMIS,ID_PE_MES,Identifiant unique de placette-échantillon suivi du numéro de mesurage,,80030759196a9339cce427aa8756d4429e299c8b801dec0618a19d6eeae6cdc3
PEP,STATION_SEMIS,MICRO_PE,Numéro de la microplacette-échantillon,,80030759196a9339cce427aa8756d4429e299c8b801dec0618a19d6eeae6cdc3
PEP,STATION_SEMIS,ESSENCE,Essence,Oui,80030759196a9339cce427aa8756d4429e299c8b801dec0618a19d6eeae6cdc3
PEP,STATION_SEMIS,NB_SEMIS,Nombre de semis,,80030759196a9339cce427aa8756d4429e299c8b801dec0618a19d6eeae6cdc3
PEP,STATION_SEMIS,CL_HT_SEMI,Classe de hauteur du semis,Oui,80030759196a9339cce427aa8756d4429e299c8b801dec0618a19d6eeae6cdc3
PEP,STATION_SEMIS,DENS_SEMI,Classe de densité des essences non-commerciale,Oui,80030759196a9339cce427aa8756d4429e299c8b801dec0618a19d6eeae6cdc3
PEP,STATION_SEMIS_NCO,ID_PE,Identifiant unique de placette-échantillon,,80030759196a9339cce427aa8756d4429e299c8b801dec0618a19d6eeae6cdc3
PEP,STATION_SEMIS_NCO,NO_MES,Numéro de mesurage,,80030759196a9339cce427aa8756d4429e299c8b801dec0618a19d6eeae6cdc3
PEP,STATION_SEMIS_NCO,ID_PE_MES,Identifiant unique de placette-échantillon suivi du numéro de mesurage,,80030759196a9339cce427aa8756d4429e299c8b801dec0618a19d6eeae6cdc3
PEP,STATION_SEMIS_NCO,MICRO_PE,Numéro de la microplacette-échantillon,,80030759196a9339cce427aa8756d4429e299c8b801dec0618a19d6eeae6cdc3
PEP,STATION_SEMIS_NCO,ESSENCE,Essence,Oui,80030759196a9339cce427aa8756d4429e299c8b801dec0618a19d6eeae6cdc3
PEP,STATION_SOL,ID_PE,Identifiant unique de placette-échantillon,,80030759196a9339cce427aa8756d4429e299c8b801dec0618a19d6eeae6cdc3
PEP,STATION_SOL,NO_MES,Numéro de mesurage,,80030759196a9339cce427aa8756d4429e299c8b801dec0618a19d6eeae6cdc3
PEP,STATION_SOL,ID_PE_MES,Identifiant unique de placette-échantillon suivi du numéro de mesurage,,80030759196a9339cce427aa8756d4429e299c8b801dec0618a19d6eeae6cdc3
PEP,STATION_SOL,TYPEHUMUS,Type d'humus,Oui,80030759196a9339cce427aa8756d4429e299c8b801dec0618a19d6eeae6cdc3
PEP,STATION_SOL,EPMATORG,Épaisseur de la matière organique (cm),,80030759196a9339cce427aa8756d4429e299c8b801dec0618a19d6eeae6cdc3
PEP,STATION_SOL,DECOMP20CM,Échelle de décomposition de la matière organique à 20 cm de profondeur,Oui,80030759196a9339cce427aa8756d4429e299c8b801dec0618a19d6eeae6cdc3
PEP,STATION_SOL,DECOMP60CM,Échelle de décomposition de la matière organique à 60 cm de profondeur,Oui,80030759196a9339cce427aa8756d4429e299c8b801dec0618a19d6eeae6cdc3
PEP,STATION_SOL,TEXTBTERR,Texture de l'horizon B évalué lors du sondage,Oui,80030759196a9339cce427aa8756d4429e299c8b801dec0618a19d6eeae6cdc3
PEP,STATION_SOL,TEXTBLABO,Texture de l'horizon B prélevé et évalué en laboratoire,Oui,80030759196a9339cce427aa8756d4429e299c8b801dec0618a19d6eeae6cdc3
PEP,STATION_SOL,TEXTCTERR,Texture de l'horizon C évalué lors du sondage,Oui,80030759196a9339cce427aa8756d4429e299c8b801dec0618a19d6eeae6cdc3
PEP,STATION_SOL,TEXTCLABO,Texture de l'horizon C prélevé et évalué en laboratoire,Oui,80030759196a9339cce427aa8756d4429e299c8b801dec0618a19d6eeae6cdc3
PEP,STATION_SOL,POURCPIERR,Pourcentage de pierrosité,,80030759196a9339cce427aa8756d4429e299c8b801dec0618a19d6eeae6cdc3
PEP,STATION_SOL,PH_HUMUS,Ph de l'humus,,80030759196a9339cce427aa8756d4429e299c8b801dec0618a19d6eeae6cdc3
PEP,STATION_SOL,PH_HORIZB,"PH de l'horizon ""B""",,80030759196a9339cce427aa8756d4429e299c8b801dec0618a19d6eeae6cdc3
PEP,STATION_SOL,PH_HORIZC,"PH de l'horizon ""C""",,80030759196a9339cce427aa8756d4429e299c8b801dec0618a19d6eeae6cdc3
PEP,STATION_SOL,PC_ARGILB,"Pourcentage d'argile de l'horizon ""B""",,80030759196a9339cce427aa8756d4429e299c8b801dec0618a19d6eeae6cdc3
PEP,STATION_SOL,PC_LIMONB,"Pourcentage de limon fin de l'horizon ""B""",,80030759196a9339cce427aa8756d4429e299c8b801dec0618a19d6eeae6cdc3
PEP,STATION_SOL,PC_LIMGRB,"Pourcentage de limon grossier de l'horizon ""B""",,80030759196a9339cce427aa8756d4429e299c8b801dec0618a19d6eeae6cdc3
PEP,STATION_SOL,PC_SABLEB,"Pourcentage de sable de l'horizon ""B""",,80030759196a9339cce427aa8756d4429e299c8b801dec0618a19d6eeae6cdc3
PEP,STATION_SOL,PC_ARGILC,"Pourcentage d'argile de l'horizon ""C""",,80030759196a9339cce427aa8756d4429e299c8b801dec0618a19d6eeae6cdc3
PEP,STATION_SOL,PC_LIMONC,"Pourcentage de limon fin de l'horizon ""C""",,80030759196a9339cce427aa8756d4429e299c8b801dec0618a19d6eeae6cdc3
PEP,STATION_SOL,PC_LIMGRC,"Pourcentage de limon grossier de l'horizon ""C""",,80030759196a9339cce427aa8756d4429e299c8b801dec0618a19d6eeae6cdc3
PEP,STATION_SOL,PC_SABLEC,"Pourcentage de sable de l'horizon ""C""",,80030759196a9339cce427aa8756d4429e299c8b801dec0618a19d6eeae6cdc3
PEP,STATION_ETAGE,ID_PE,Identifiant unique de placette-échantillon,,80030759196a9339cce427aa8756d4429e299c8b801dec0618a19d6eeae6cdc3
PEP,STATION_ETAGE,NO_MES,Numéro de mesurage,,80030759196a9339cce427aa8756d4429e299c8b801dec0618a19d6eeae6cdc3
PEP,STATION_ETAGE,ID_PE_MES,Identifiant unique de placette-échantillon suivi du numéro de mesurage,,80030759196a9339cce427aa8756d4429e299c8b801dec0618a19d6eeae6cdc3
PEP,STATION_ETAGE,ETAGE,Étage caractérisé,,80030759196a9339cce427aa8756d4429e299c8b801dec0618a19d6eeae6cdc3
PEP,STATION_ETAGE,TY_COUV_ET,Type de couvert,Oui,80030759196a9339cce427aa8756d4429e299c8b801dec0618a19d6eeae6cdc3
PEP,STATION_ETAGE,DENSITE,Densité du couvert forestier (%),Oui,80030759196a9339cce427aa8756d4429e299c8b801dec0618a19d6eeae6cdc3
PEP,STATION_ETAGE,HAUTEUR,Hauteur (m),Oui,80030759196a9339cce427aa8756d4429e299c8b801dec0618a19d6eeae6cdc3
PEP,STATION_ETAGE,CL_AGE_ET,Classe d'âge,Oui,80030759196a9339cce427aa8756d4429e299c8b801dec0618a19d6eeae6cdc3
PEP,STATION_ETAGE,ETA_ESS_PC,Concaténation des essences et de leur proportion de la surface terrière totale qu'elles occupent,Oui,80030759196a9339cce427aa8756d4429e299c8b801dec0618a19d6eeae6cdc3
PEP,STATION_ESSENCE,ID_PE,Identifiant unique de placette-échantillon,,80030759196a9339cce427aa8756d4429e299c8b801dec0618a19d6eeae6cdc3
PEP,STATION_ESSENCE,NO_MES,Numéro de mesurage,,80030759196a9339cce427aa8756d4429e299c8b801dec0618a19d6eeae6cdc3
PEP,STATION_ESSENCE,ID_PE_MES,Identifiant unique de placette-échantillon suivi du numéro de mesurage,,80030759196a9339cce427aa8756d4429e299c8b801dec0618a19d6eeae6cdc3
PEP,STATION_ESSENCE,ETAGE,Étage caractérisé,,80030759196a9339cce427aa8756d4429e299c8b801dec0618a19d6eeae6cdc3
PEP,STATION_ESSENCE,ESSENCE,Essence individuelle ou groupe d’essences,Oui,80030759196a9339cce427aa8756d4429e299c8b801dec0618a19d6eeae6cdc3
PEP,STATION_ESSENCE,ST_ESS_PC,Surface terrière relative occupée par l'essence ou le groupe d’essences (%),,80030759196a9339cce427aa8756d4429e299c8b801dec0618a19d6eeae6cdc3
PEP,STATION_DEBRIS_4,ID_PE,Identifiant unique de placette-échantillon,,80030759196a9339cce427aa8756d4429e299c8b801dec0618a19d6eeae6cdc3
PEP,STATION_DEBRIS_4,NO_MES,Numéro de mesurage,,80030759196a9339cce427aa8756d4429e299c8b801dec0618a19d6eeae6cdc3
PEP,STATION_DEBRIS_4,ID_PE_MES,Identifiant unique de placette-échantillon suivi du numéro de mesurage,,80030759196a9339cce427aa8756d4429e299c8b801dec0618a19d6eeae6cdc3
PEP,STATION_DEBRIS_4,CL_DECOMP,Classe de décomposition,Oui,80030759196a9339cce427aa8756d4429e299c8b801dec0618a19d6eeae6cdc3
PEP,STATION_DEBRIS_4,NB_DEBRIS,Dénombrement des débris ligneux,,80030759196a9339cce427aa8756d4429e299c8b801dec0618a19d6eeae6cdc3
PEP,STATION_DEBRIS_5,ID_PE,Identifiant unique de placette-échantillon,,80030759196a9339cce427aa8756d4429e299c8b801dec0618a19d6eeae6cdc3
PEP,STATION_DEBRIS_5,NO_MES,Numéro de mesurage,,80030759196a9339cce427aa8756d4429e299c8b801dec0618a19d6eeae6cdc3
PEP,STATION_DEBRIS_5,ID_PE_MES,Identifiant unique de placette-échantillon suivi du numéro de mesurage,,80030759196a9339cce427aa8756d4429e299c8b801dec0618a19d6eeae6cdc3
PEP,STATION_DEBRIS_5,PC_DEB_91,Pourcentage de recouvrement des débris ligneux ayant au moins 91 mm au fin bout,Oui,80030759196a9339cce427aa8756d4429e299c8b801dec0618a19d6eeae6cdc3
PEP,STATION_DEBRIS_5,PC_DEB_291,Pourcentage de recouvrement des débris ligneux ayant au moins 291 mm au fin bout,,80030759196a9339cce427aa8756d4429e299c8b801dec0618a19d6eeae6cdc3
PEP,DENDRO_ARBRES,ID_PE,Identifiant unique de placette-échantillon,,80030759196a9339cce427aa8756d4429e299c8b801dec0618a19d6eeae6cdc3
PEP,DENDRO_ARBRES,NO_MES,Numéro de mesurage,,80030759196a9339cce427aa8756d4429e299c8b801dec0618a19d6eeae6cdc3
PEP,DENDRO_ARBRES,ID_PE_MES,Identifiant unique de placette-échantillon suivi du numéro de mesurage,,80030759196a9339cce427aa8756d4429e299c8b801dec0618a19d6eeae6cdc3
PEP,DENDRO_ARBRES,NO_ARBRE,Numéro d'arbre,,80030759196a9339cce427aa8756d4429e299c8b801dec0618a19d6eeae6cdc3
PEP,DENDRO_ARBRES,ID_ARBRE,Identifiant unique de placette-échantillon suivi du numéro d'arbre,,80030759196a9339cce427aa8756d4429e299c8b801dec0618a19d6eeae6cdc3
PEP,DENDRO_ARBRES,ID_ARB_MES,Identifiant unique de placette-échantillon suivi du numéro d'arbre puis du numéro de mesurage,,80030759196a9339cce427aa8756d4429e299c8b801dec0618a19d6eeae6cdc3
PEP,DENDRO_ARBRES,ETAT,État de la tige,Oui,80030759196a9339cce427aa8756d4429e299c8b801dec0618a19d6eeae6cdc3
PEP,DENDRO_ARBRES,ESSENCE,Essence,Oui,80030759196a9339cce427aa8756d4429e299c8b801dec0618a19d6eeae6cdc3
PEP,DENDRO_ARBRES,IN_ESS_NC,Indicateur d'essence non comparable,,80030759196a9339cce427aa8756d4429e299c8b801dec0618a19d6eeae6cdc3
PEP,DENDRO_ARBRES,DHP,Diamètre à hauteur de poitrine (mm),,80030759196a9339cce427aa8756d4429e299c8b801dec0618a19d6eeae6cdc3
PEP,DENDRO_ARBRES,DHP_NC,Diamètre à hauteur de poitrine non comparable,Oui,80030759196a9339cce427aa8756d4429e299c8b801dec0618a19d6eeae6cdc3
PEP,DENDRO_ARBRES,IN_1410,Indicateur de présence dans la placette de 14.10 m de rayon,,80030759196a9339cce427aa8756d4429e299c8b801dec0618a19d6eeae6cdc3
PEP,DENDRO_ARBRES,CAUS_DEFOL,Cause de la défoliation,Oui,80030759196a9339cce427aa8756d4429e299c8b801dec0618a19d6eeae6cdc3
PEP,DENDRO_ARBRES,DEFOL_MIN,Pourcentage de défoliation minimal de l'essence résineuse,,80030759196a9339cce427aa8756d4429e299c8b801dec0618a19d6eeae6cdc3
PEP,DENDRO_ARBRES,DEFOL_MAX,Pourcentage de défoliation maximal de l'essence résineuse,,80030759196a9339cce427aa8756d4429e299c8b801dec0618a19d6eeae6cdc3
PEP,DENDRO_ARBRES,CL_QUAL,Classe de qualité,Oui,80030759196a9339cce427aa8756d4429e299c8b801dec0618a19d6eeae6cdc3
PEP,DENDRO_ARBRES,DEFAUTBAS,Défaut au bas de la tige (de 0 m à 5 m),Oui,80030759196a9339cce427aa8756d4429e299c8b801dec0618a19d6eeae6cdc3
PEP,DENDRO_ARBRES,DEFAUTHAUT,Défaut au haut de la tige (de 5 m jusqu'au houppier ou aux premières grosses branches),Oui,80030759196a9339cce427aa8756d4429e299c8b801dec0618a19d6eeae6cdc3
PEP,DENDRO_ARBRES,DEFAUT,Défaut de la tige,Oui,80030759196a9339cce427aa8756d4429e299c8b801dec0618a19d6eeae6cdc3
PEP,DENDRO_ARBRES,HAUTEURDEF,Hauteur du défaut,,80030759196a9339cce427aa8756d4429e299c8b801dec0618a19d6eeae6cdc3
PEP,DENDRO_ARBRES,DIC,"Défaut indicateur de carie établi selon le ""Guide des défauts externes et des indices de la carie dans les arbres""",Oui,80030759196a9339cce427aa8756d4429e299c8b801dec0618a19d6eeae6cdc3
PEP,DENDRO_ARBRES,IN_DIC_OBS,Indicateur d'un défaut indicateur de carie observé,,80030759196a9339cce427aa8756d4429e299c8b801dec0618a19d6eeae6cdc3
PEP,DENDRO_ARBRES,HAUTEURDIC,Hauteur du défaut indicateur de carie (m),,80030759196a9339cce427aa8756d4429e299c8b801dec0618a19d6eeae6cdc3
PEP,DENDRO_ARBRES,PRIO_RECOL,"Priorité de récolte établie selon le ""Guide des défauts externes et des indices de la carie dans les arbres""",Oui,80030759196a9339cce427aa8756d4429e299c8b801dec0618a19d6eeae6cdc3
PEP,DENDRO_ARBRES,ENSOLEIL,Classe d'ensoleillement,Oui,80030759196a9339cce427aa8756d4429e299c8b801dec0618a19d6eeae6cdc3
PEP,DENDRO_ARBRES,ETAGE_ARB,Étage de l'arbre par rapport aux autres arbres du peuplement,Oui,80030759196a9339cce427aa8756d4429e299c8b801dec0618a19d6eeae6cdc3
PEP,DENDRO_ARBRES,STADE_DEGR,Stade de dégradation,Oui,80030759196a9339cce427aa8756d4429e299c8b801dec0618a19d6eeae6cdc3
PEP,DENDRO_ARBRES,TIGE_HA,Nombre de tiges à l'hectare (tiges/ha),,80030759196a9339cce427aa8756d4429e299c8b801dec0618a19d6eeae6cdc3
PEP,DENDRO_ARBRES,ST_TIGE,Surface terrière de la tige (cm²),,80030759196a9339cce427aa8756d4429e299c8b801dec0618a19d6eeae6cdc3
PEP,DENDRO_ARBRES,ST_HA,Surface terrière à l'hectare (m²/ha),,80030759196a9339cce427aa8756d4429e299c8b801dec0618a19d6eeae6cdc3
PEP,DENDRO_ARBRES,HAUT_ESTI,Hauteur estimée de la tige (dm),,80030759196a9339cce427aa8756d4429e299c8b801dec0618a19d6eeae6cdc3
PEP,DENDRO_ARBRES,VMB_TIGE,Volume marchand brut de la tige (m³),,80030759196a9339cce427aa8756d4429e299c8b801dec0618a19d6eeae6cdc3
PEP,DENDRO_ARBRES,VMB_HA,Volume marchand brut à l'hectare (m³/ha),,80030759196a9339cce427aa8756d4429e299c8b801dec0618a19d6eeae6cdc3
PEP,DENDRO_GAULES,ID_PE,Identifiant unique de placette-échantillon,,80030759196a9339cce427aa8756d4429e299c8b801dec0618a19d6eeae6cdc3
PEP,DENDRO_GAULES,NO_MES,Numéro de mesurage,,80030759196a9339cce427aa8756d4429e299c8b801dec0618a19d6eeae6cdc3
PEP,DENDRO_GAULES,ID_PE_MES,Identifiant unique de placette-échantillon suivi du numéro de mesurage,,80030759196a9339cce427aa8756d4429e299c8b801dec0618a19d6eeae6cdc3
PEP,DENDRO_GAULES,ESSENCE,Essence,Oui,80030759196a9339cce427aa8756d4429e299c8b801dec0618a19d6eeae6cdc3
PEP,DENDRO_GAULES,CL_DHP,Classe de diamètre à hauteur de poitrine (cm),Oui,80030759196a9339cce427aa8756d4429e299c8b801dec0618a19d6eeae6cdc3
PEP,DENDRO_GAULES,NB_TIGE,Nombre de tiges dénombrées avec les mêmes informations,,80030759196a9339cce427aa8756d4429e299c8b801dec0618a19d6eeae6cdc3
PEP,DENDRO_GAULES,TIGE_HA,Nombre de tiges à l'hectare (tiges/ha),,80030759196a9339cce427aa8756d4429e299c8b801dec0618a19d6eeae6cdc3
PEP,DENDRO_GAULES,ST_HA,Surface terrière à l'hectare (m²/ha),,80030759196a9339cce427aa8756d4429e299c8b801dec0618a19d6eeae6cdc3
PEP,DENDRO_ARBRES_ETUDES,ID_PE,Identifiant unique de placette-échantillon,,80030759196a9339cce427aa8756d4429e299c8b801dec0618a19d6eeae6cdc3
PEP,DENDRO_ARBRES_ETUDES,NO_MES,Numéro de mesurage,,80030759196a9339cce427aa8756d4429e299c8b801dec0618a19d6eeae6cdc3
PEP,DENDRO_ARBRES_ETUDES,ID_PE_MES,Identifiant unique de placette-échantillon suivi du numéro de mesurage,,80030759196a9339cce427aa8756d4429e299c8b801dec0618a19d6eeae6cdc3
PEP,DENDRO_ARBRES_ETUDES,NO_ARBRE,Numéro d'arbre,,80030759196a9339cce427aa8756d4429e299c8b801dec0618a19d6eeae6cdc3
PEP,DENDRO_ARBRES_ETUDES,ID_ARBRE,Identifiant unique de placette-échantillon suivi du numéro d'arbre,,80030759196a9339cce427aa8756d4429e299c8b801dec0618a19d6eeae6cdc3
PEP,DENDRO_ARBRES_ETUDES,ID_ARB_MES,Identifiant unique de placette-échantillon suivi du numéro d'arbre puis du numéro de mesurage,,80030759196a9339cce427aa8756d4429e299c8b801dec0618a19d6eeae6cdc3
PEP,DENDRO_ARBRES_ETUDES,MET_SELEC,Méthode de sélection de l'arbre-étude,Oui,80030759196a9339cce427aa8756d4429e299c8b801dec0618a19d6eeae6cdc3
PEP,DENDRO_ARBRES_ETUDES,ETAT,État de la tige,Oui,80030759196a9339cce427aa8756d4429e299c8b801dec0618a19d6eeae6cdc3
PEP,DENDRO_ARBRES_ETUDES,ESSENCE,Essence,Oui,80030759196a9339cce427aa8756d4429e299c8b801dec0618a19d6eeae6cdc3
PEP,DENDRO_ARBRES_ETUDES,IN_ESS_NC,Indicateur d'essence non comparable,,80030759196a9339cce427aa8756d4429e299c8b801dec0618a19d6eeae6cdc3
PEP,DENDRO_ARBRES_ETUDES,DHP,Diamètre à hauteur de poitrine (mm),,80030759196a9339cce427aa8756d4429e299c8b801dec0618a19d6eeae6cdc3
PEP,DENDRO_ARBRES_ETUDES,DHP_NC,Indicateur de diamètre à hauteur de poitrine non comparable,Oui,80030759196a9339cce427aa8756d4429e299c8b801dec0618a19d6eeae6cdc3
PEP,DENDRO_ARBRES_ETUDES,CAUS_DEFOL,Cause de la défoliation,Oui,80030759196a9339cce427aa8756d4429e299c8b801dec0618a19d6eeae6cdc3
PEP,DENDRO_ARBRES_ETUDES,DEFOL_MIN,Pourcentage de défoliation minimal de l'essence résineuse,,80030759196a9339cce427aa8756d4429e299c8b801dec0618a19d6eeae6cdc3
PEP,DENDRO_ARBRES_ETUDES,DEFOL_MAX,Pourcentage de défoliation maximal de l'essence résineuse,,80030759196a9339cce427aa8756d4429e299c8b801dec0618a19d6eeae6cdc3
PEP,DENDRO_ARBRES_ETUDES,CL_QUAL,Classe de qualité,Oui,80030759196a9339cce427aa8756d4429e299c8b801dec0618a19d6eeae6cdc3
PEP,DENDRO_ARBRES_ETUDES,DEFAUTBAS,Défaut au bas de la tige (de 0 m à 5 m),Oui,80030759196a9339cce427aa8756d4429e299c8b801dec0618a19d6eeae6cdc3
PEP,DENDRO_ARBRES_ETUDES,DEFAUTHAUT,Défaut au haut de la tige (de 5 m jusqu'au houppier au aux premières grosses branches),Oui,80030759196a9339cce427aa8756d4429e299c8b801dec0618a19d6eeae6cdc3
PEP,DENDRO_ARBRES_ETUDES,DEFAUT,Défaut de la tige,Oui,80030759196a9339cce427aa8756d4429e299c8b801dec0618a19d6eeae6cdc3
PEP,DENDRO_ARBRES_ETUDES,HAUTEURDEF,Hauteur du défaut,,80030759196a9339cce427aa8756d4429e299c8b801dec0618a19d6eeae6cdc3
PEP,DENDRO_ARBRES_ETUDES,DIC,"Défaut indicateur de carie établi selon le ""Guide des défauts externes et des indices de la carie dans les arbres""",Oui,80030759196a9339cce427aa8756d4429e299c8b801dec0618a19d6eeae6cdc3
PEP,DENDRO_ARBRES_ETUDES,HAUTEURDIC,Hauteur du défaut indicateur de carie (m),,80030759196a9339cce427aa8756d4429e299c8b801dec0618a19d6eeae6cdc3
PEP,DENDRO_ARBRES_ETUDES,IN_DIC_OBS,Indicateur d'un défaut indicateur de carie observé,,80030759196a9339cce427aa8756d4429e299c8b801dec0618a19d6eeae6cdc3
PEP,DENDRO_ARBRES_ETUDES,PRIO_RECOL,"Priorité de récolte établie selon le ""Guide des défauts externes et des indices de la carie dans les arbres""",Oui,80030759196a9339cce427aa8756d4429e299c8b801dec0618a19d6eeae6cdc3
PEP,DENDRO_ARBRES_ETUDES,ENSOLEIL,Classe d'ensoleillement,Oui,80030759196a9339cce427aa8756d4429e299c8b801dec0618a19d6eeae6cdc3
PEP,DENDRO_ARBRES_ETUDES,ETAGE_ARB,Étage de l'arbre par rapport aux autres arbres du peuplement,Oui,80030759196a9339cce427aa8756d4429e299c8b801dec0618a19d6eeae6cdc3
PEP,DENDRO_ARBRES_ETUDES,HAUT_ARBRE,Hauteur de l'arbre (dm),,80030759196a9339cce427aa8756d4429e299c8b801dec0618a19d6eeae6cdc3
PEP,DENDRO_ARBRES_ETUDES,IN_HAUT_NC,Indicateur de hauteur de l'arbre non comparable,,80030759196a9339cce427aa8756d4429e299c8b801dec0618a19d6eeae6cdc3
PEP,DENDRO_ARBRES_ETUDES,HTBOISOEUV,Hauteur bois d'oeuvre (dm),,80030759196a9339cce427aa8756d4429e299c8b801dec0618a19d6eeae6cdc3
PEP,DENDRO_ARBRES_ETUDES,NIVLECTAGE,Niveau de lecture de l'âge (cm),,80030759196a9339cce427aa8756d4429e299c8b801dec0618a19d6eeae6cdc3
PEP,DENDRO_ARBRES_ETUDES,AGE,Âge,,80030759196a9339cce427aa8756d4429e299c8b801dec0618a19d6eeae6cdc3
PEP,DENDRO_ARBRES_ETUDES,AGE_SANSOP,Âge sans période d'oppression,,80030759196a9339cce427aa8756d4429e299c8b801dec0618a19d6eeae6cdc3
PEP,DENDRO_ARBRES_ETUDES,SOURCE_AGE,Source de l'âge,Oui,80030759196a9339cce427aa8756d4429e299c8b801dec0618a19d6eeae6cdc3
PEP,DENDRO_ARBRES_ETUDES,LONG_RAYON,Longueur du rayon (mm),,80030759196a9339cce427aa8756d4429e299c8b801dec0618a19d6eeae6cdc3
PEP,DENDRO_ARBRES_ETUDES,NB_SANS_OP,Nombre de cernes sans oppression,,80030759196a9339cce427aa8756d4429e299c8b801dec0618a19d6eeae6cdc3
PEP,DENDRO_ARBRES_ETUDES,NB_EQUI_OP,Nombre de cernes équivalent l'oppression,,80030759196a9339cce427aa8756d4429e299c8b801dec0618a19d6eeae6cdc3
PEP,CLASSI_ECO_PE,ID_PE,Identifiant unique de placette-échantillon,,80030759196a9339cce427aa8756d4429e299c8b801dec0618a19d6eeae6cdc3
PEP,CLASSI_ECO_PE,ZONE_VEG,Zone de végétation,Oui,80030759196a9339cce427aa8756d4429e299c8b801dec0618a19d6eeae6cdc3
PEP,CLASSI_ECO_PE,SZONE_VEG,Sous-zone de végétation,Oui,80030759196a9339cce427aa8756d4429e299c8b801dec0618a19d6eeae6cdc3
PEP,CLASSI_ECO_PE,DOM_BIO,Domaine bioclimatique,Oui,80030759196a9339cce427aa8756d4429e299c8b801dec0618a19d6eeae6cdc3
PEP,CLASSI_ECO_PE,SDOM_BIO,Sous-domaine bioclimatique,Oui,80030759196a9339cce427aa8756d4429e299c8b801dec0618a19d6eeae6cdc3
PEP,CLASSI_ECO_PE,REG_ECO,Région écologique,Oui,80030759196a9339cce427aa8756d4429e299c8b801dec0618a19d6eeae6cdc3
PEP,CLASSI_ECO_PE,SREG_ECO,Sous-région écologique,Oui,80030759196a9339cce427aa8756d4429e299c8b801dec0618a19d6eeae6cdc3
PEP,CLASSI_ECO_PE,UPAYS_REG,Unité de paysage régional,Oui,80030759196a9339cce427aa8756d4429e299c8b801dec0618a19d6eeae6cdc3
PEP,CLASSI_ECO_PE,DIS_ECO,District écologique,Oui,80030759196a9339cce427aa8756d4429e299c8b801dec0618a19d6eeae6cdc3
PEP,META_NOTES_PE,ID_PE,Identifiant unique de placette-échantillon,,80030759196a9339cce427aa8756d4429e299c8b801dec0618a19d6eeae6cdc3
PEP,META_NOTES_PE,NO_MES,Numéro de mesurage,,80030759196a9339cce427aa8756d4429e299c8b801dec0618a19d6eeae6cdc3
PEP,META_NOTES_PE,ID_PE_MES,Identifiant unique de placette-échantillon suivi du numéro de mesurage,,80030759196a9339cce427aa8756d4429e299c8b801dec0618a19d6eeae6cdc3
PEP,META_NOTES_PE,ANC_NO_VIR,Ancien numéro de la virée,,80030759196a9339cce427aa8756d4429e299c8b801dec0618a19d6eeae6cdc3
PEP,META_NOTES_PE,ID_PE_ABAN,Identifiant unique de placette-échantillon abandonnée correspondante,,80030759196a9339cce427aa8756d4429e299c8b801dec0618a19d6eeae6cdc3
PEP,META_NOTES_PE,RAISON_ST,Raison du statut,,80030759196a9339cce427aa8756d4429e299c8b801dec0618a19d6eeae6cdc3
PEP,META_NOTES_PE,NOTES,Toutes notes jugées pertinentes par l'équipe terrain qui ne peut être saisie dans aucun autre attribut.,,80030759196a9339cce427aa8756d4429e299c8b801dec0618a19d6eeae6cdc3
PET4,PLACETTE,NO_PRG,Numéro de programme,Oui,80030759196a9339cce427aa8756d4429e299c8b801dec0618a19d6eeae6cdc3
PET4,PLACETTE,NO_PRJ,Numéro du projet à l'implantation de la placette,,80030759196a9339cce427aa8756d4429e299c8b801dec0618a19d6eeae6cdc3
PET4,PLACETTE,NO_VIREE,Numéro de la virée,,80030759196a9339cce427aa8756d4429e299c8b801dec0618a19d6eeae6cdc3
PET4,PLACETTE,NO_PE,Numéro de la placette-échantillon,,80030759196a9339cce427aa8756d4429e299c8b801dec0618a19d6eeae6cdc3
PET4,PLACETTE,ID_PE,Identifiant unique de placette-échantillon,,80030759196a9339cce427aa8756d4429e299c8b801dec0618a19d6eeae6cdc3
PET4,PLACETTE,US_FOR,Unité de sondage de la carte écoforestière,,80030759196a9339cce427aa8756d4429e299c8b801dec0618a19d6eeae6cdc3
PET4,PLACETTE,TYPE_US,Type de l'unité de sondage,,80030759196a9339cce427aa8756d4429e299c8b801dec0618a19d6eeae6cdc3
PET4,PLACETTE,TYPE_PE,Type de placette-échantillon,,80030759196a9339cce427aa8756d4429e299c8b801dec0618a19d6eeae6cdc3
PET4,PLACETTE,VERSION,Version de type de placette-échantillon,,80030759196a9339cce427aa8756d4429e299c8b801dec0618a19d6eeae6cdc3
PET4,PLACETTE,FORME,Forme de la placette-échantillon,Oui,80030759196a9339cce427aa8756d4429e299c8b801dec0618a19d6eeae6cdc3
PET4,PLACETTE,DIMENSION,Dimension de la placette-échantillon,Oui,80030759196a9339cce427aa8756d4429e299c8b801dec0618a19d6eeae6cdc3
PET4,PLACETTE,FEUILLET,Numéro du feuillet cartographique,,80030759196a9339cce427aa8756d4429e299c8b801dec0618a19d6eeae6cdc3
PET4,PLACETTE,LATITUDE,Latitude,,80030759196a9339cce427aa8756d4429e299c8b801dec0618a19d6eeae6cdc3
PET4,PLACETTE,LONGITUDE,Longitude,,80030759196a9339cce427aa8756d4429e299c8b801dec0618a19d6eeae6cdc3
PET4,PLACETTE,DATE_SOND,Date du sondage,,80030759196a9339cce427aa8756d4429e299c8b801dec0618a19d6eeae6cdc3
PET4,PLAN_DESCR_TYPE_PE,TYPE_PE,Type de placette-échantillon,,80030759196a9339cce427aa8756d4429e299c8b801dec0618a19d6eeae6cdc3
PET4,PLAN_DESCR_TYPE_PE,FORME,Forme de la placette-échantillon,Oui,80030759196a9339cce427aa8756d4429e299c8b801dec0618a19d6eeae6cdc3
PET4,PLAN_DESCR_TYPE_PE,DESC_FORME,Description de la forme,,80030759196a9339cce427aa8756d4429e299c8b801dec0618a19d6eeae6cdc3
PET4,PLAN_DESCR_TYPE_PE,DIMENSION,Dimension de la placette-échantillon,Oui,80030759196a9339cce427aa8756d4429e299c8b801dec0618a19d6eeae6cdc3
PET4,PLAN_DESCR_TYPE_PE,RAYON,"Rayon de la placette-échantillon, de la sous-placette ou de la micro-placette implantée",,80030759196a9339cce427aa8756d4429e299c8b801dec0618a19d6eeae6cdc3
PET4,PLAN_DESCR_TYPE_PE,LARGEUR,"Largeur de la placette-échantillon, de la sous-placette ou de la micro-placette implantée",,80030759196a9339cce427aa8756d4429e299c8b801dec0618a19d6eeae6cdc3
PET4,PLAN_DESCR_TYPE_PE,LONGUEUR,"Longueur de la placette-échantillon, de la sous-placette ou de la micro-placette implantée",,80030759196a9339cce427aa8756d4429e299c8b801dec0618a19d6eeae6cdc3
PET4,PLAN_DESCR_TYPE_PE,NOMBRE,"Nombre de placette-échantillon, de sous-placette ou de micro-placette implantée",,80030759196a9339cce427aa8756d4429e299c8b801dec0618a19d6eeae6cdc3
PET4,PLAN_DESCR_TYPE_PE,SUPERFICIE,"Superficie de la placette-échantillon, de la sous-placette ou de la micro-placette implantée (m²)",,80030759196a9339cce427aa8756d4429e299c8b801dec0618a19d6eeae6cdc3
PET4,PLAN_DESCR_TYPE_PE,FACTEXP_PE,"Composante du facteur d'expansion liée à la superficie de la placette-échantillon, de la sous-placette ou de la micro-placette implantée (PE/ha)",,80030759196a9339cce427aa8756d4429e299c8b801dec0618a19d6eeae6cdc3
PET4,PLAN_DESCR_TYPE_PE,MET_EVAL,Méthode d'évaluation,,80030759196a9339cce427aa8756d4429e299c8b801dec0618a19d6eeae6cdc3
PET4,PLAN_DESCR_TYPE_PE,IN_DNB,Indicateur d'une évaluation par un dénombrement,,80030759196a9339cce427aa8756d4429e299c8b801dec0618a19d6eeae6cdc3
PET4,PLAN_DESCR_TYPE_PE,IN_DNB_CL,Indicateur d'une évaluation par un dénombrement par classe (classes de hauteur semis et classes de DHP),,80030759196a9339cce427aa8756d4429e299c8b801dec0618a19d6eeae6cdc3
PET4,PLAN_DESCR_TYPE_PE,IN_DNB_HT,Indicateur d'une évaluation par un dénombrement par classe de hauteur,,80030759196a9339cce427aa8756d4429e299c8b801dec0618a19d6eeae6cdc3
PET4,PLAN_DESCR_TYPE_PE,IN_PRE,Indicateur d'une évaluation par la présence,,80030759196a9339cce427aa8756d4429e299c8b801dec0618a19d6eeae6cdc3
PET4,PLAN_DESCR_TYPE_PE,IN_PRE_CL,Indicateur d'une évaluation par la présence par classe (classes de hauteur semis et classes de DHP),,80030759196a9339cce427aa8756d4429e299c8b801dec0618a19d6eeae6cdc3
PET4,PLAN_DESCR_TYPE_PE,IN_PRE_ET,Indicateur d'une évaluation par la présence selon l'étage,,80030759196a9339cce427aa8756d4429e299c8b801dec0618a19d6eeae6cdc3
PET4,PLAN_DESCR_TYPE_PE,IN_REC,Indicateur d'une évaluation par une estimation du recouvrement,,80030759196a9339cce427aa8756d4429e299c8b801dec0618a19d6eeae6cdc3
PET4,PLAN_DESCR_TYPE_PE,IN_REC_ET,Indicateur d'une évaluation par une estimation du recouvrement,,80030759196a9339cce427aa8756d4429e299c8b801dec0618a19d6eeae6cdc3
PET4,PLAN_DESCR_TYPE_PE,DESCR_CDT,Description des conditions de l'évaluation,,80030759196a9339cce427aa8756d4429e299c8b801dec0618a19d6eeae6cdc3
PET4,PLAN_DESCR_TYPE_PE,IN_PEP_1,Indicateur d'évaluation dans la première placette-échantillon permanente d'une virée,,80030759196a9339cce427aa8756d4429e299c8b801dec0618a19d6eeae6cdc3
PET4,PLAN_DESCR_TYPE_PE,IN_PEP_2,Indicateur d'évaluation dans la deuxième placette-échantillon permanente d'une virée,,80030759196a9339cce427aa8756d4429e299c8b801dec0618a19d6eeae6cdc3
PET4,PLAN_DESCR_TYPE_PE,IN_MPAIR,Indicateur d'évaluation dans les micro-placettes ayant un numéro pair,,80030759196a9339cce427aa8756d4429e299c8b801dec0618a19d6eeae6cdc3
PET4,PLAN_DESCR_TYPE_PE,IN_MIMPAIR,Indicateur d'évaluation dans les micro-placettes ayant un numéro impair,,80030759196a9339cce427aa8756d4429e299c8b801dec0618a19d6eeae6cdc3
PET4,PLAN_DESCR_TYPE_PE,IN_TIGES,Indicateur d'évaluation des tiges marchandes,,80030759196a9339cce427aa8756d4429e299c8b801dec0618a19d6eeae6cdc3
PET4,PLAN_DESCR_TYPE_PE,IN_DHP_32M,Indicateur d'évaluation des tiges ayant un DHP inférieur à 32 cm,,80030759196a9339cce427aa8756d4429e299c8b801dec0618a19d6eeae6cdc3
PET4,PLAN_DESCR_TYPE_PE,IN_DHP_32P,Indicateur d'évaluation des tiges ayant un DHP équivalent ou supérieur à 32 cm,,80030759196a9339cce427aa8756d4429e299c8b801dec0618a19d6eeae6cdc3
PET4,PLAN_DESCR_TYPE_PE,IN_GAULES,Indicateur d'évaluation des gaules,,80030759196a9339cce427aa8756d4429e299c8b801dec0618a19d6eeae6cdc3
PET4,PLAN_DESCR_TYPE_PE,IN_SEMIS,Indicateur d'évaluation des semis,,80030759196a9339cce427aa8756d4429e299c8b801dec0618a19d6eeae6cdc3
PET4,PLAN_DESCR_TYPE_PE,IN_ESS_C,Indicateur d'évaluation des essences commerciales,,80030759196a9339cce427aa8756d4429e299c8b801dec0618a19d6eeae6cdc3
PET4,PLAN_DESCR_TYPE_PE,IN_ESS_NC,Indicateur d'évaluation des essences non-commerciales,,80030759196a9339cce427aa8756d4429e299c8b801dec0618a19d6eeae6cdc3
PET4,PLAN_DESCR_TYPE_PE,IN_ESS_FEU,Indicateur d'évaluation des essences feuillues,,80030759196a9339cce427aa8756d4429e299c8b801dec0618a19d6eeae6cdc3
PET4,PLAN_DESCR_TYPE_PE,IN_ESS_RES,Indicateur d'évaluation des essences résineuses,,80030759196a9339cce427aa8756d4429e299c8b801dec0618a19d6eeae6cdc3
PET4,PLAN_DESCR_TYPE_PE,IN_SEPM,"Indicateur d'évaluation du sapin, des épinettes, du pin gris et des mélèzes",,80030759196a9339cce427aa8756d4429e299c8b801dec0618a19d6eeae6cdc3
PET4,PLAN_DESCR_TYPE_PE,IN_FI,Indicateur d'évaluation des feuillus intolérants,,80030759196a9339cce427aa8756d4429e299c8b801dec0618a19d6eeae6cdc3
PET4,PLAN_DESCR_TYPE_PE,IN_AUT,Indicateur d'évaluation des essences commerciales n'étant pas incluses dans les groupes SEPM et FI,,80030759196a9339cce427aa8756d4429e299c8b801dec0618a19d6eeae6cdc3
PET4,PLAN_DESCR_TYPE_PE,IN_ET_CODO,Indicateur d'évaluation des tiges présentes dans l'étage des co-dominants,,80030759196a9339cce427aa8756d4429e299c8b801dec0618a19d6eeae6cdc3
PET4,PLAN_DESCR_TYPE_PE,IN_ET_DOMI,Indicateur d'évaluation des tiges présentes dans l'étage des dominants,,80030759196a9339cce427aa8756d4429e299c8b801dec0618a19d6eeae6cdc3
PET4,PLAN_DESCR_TYPE_PE,IN_ET_OP,Indicateur d'évaluation des tiges présentes dans l'étage des opprimées,,80030759196a9339cce427aa8756d4429e299c8b801dec0618a19d6eeae6cdc3
PET4,PLAN_DESCR_TYPE_PE,IN_ET_VET,Indicateur d'évaluation des tiges présentes dans l'étage des vétérans,,80030759196a9339cce427aa8756d4429e299c8b801dec0618a19d6eeae6cdc3
PET4,PLAN_USF4,TYPE_TERRI,Type de périmètre du territoire d'intérêt,Oui,80030759196a9339cce427aa8756d4429e299c8b801dec0618a19d6eeae6cdc3
PET4,PLAN_USF4,NO_TERRI,Numéro de référence du territoire d'intérêt utilisé selon le type de périmètre,,80030759196a9339cce427aa8756d4429e299c8b801dec0618a19d6eeae6cdc3
PET4,PLAN_USF4,NOM_TERRI,Nom du territoire,,80030759196a9339cce427aa8756d4429e299c8b801dec0618a19d6eeae6cdc3
PET4,PLAN_USF4,TENURE,Tenure,Oui,80030759196a9339cce427aa8756d4429e299c8b801dec0618a19d6eeae6cdc3
PET4,PLAN_USF4,US_FOR,Unité de sondage de la carte écoforestière,,80030759196a9339cce427aa8756d4429e299c8b801dec0618a19d6eeae6cdc3
PET4,PLAN_USF4,NOM_US_FOR,Nom de l'unité de sondage de la carte écoforestière,,80030759196a9339cce427aa8756d4429e299c8b801dec0618a19d6eeae6cdc3
PET4,PLAN_USF4,MODE_GEST,Mode de gestion,Oui,80030759196a9339cce427aa8756d4429e299c8b801dec0618a19d6eeae6cdc3
PET4,PLAN_USF4,SUPERFICIE,Superficie calculée dans la projection conique équivalente d'Albers (ha),,80030759196a9339cce427aa8756d4429e299c8b801dec0618a19d6eeae6cdc3
PET4,PLAN_ECHAN,US_FOR,Unité de sondage de la carte écoforestière,,80030759196a9339cce427aa8756d4429e299c8b801dec0618a19d6eeae6cdc3
PET4,PLAN_ECHAN,STR_ECHAN,Strate d'échantillonnage des peuplements écoforestiers,,80030759196a9339cce427aa8756d4429e299c8b801dec0618a19d6eeae6cdc3
PET4,PLAN_ECHAN,SUP_STRATE,Superficie de la strate d'échantillonnage calculée dans la projection conique équivalente d'Albers (ha),,80030759196a9339cce427aa8756d4429e299c8b801dec0618a19d6eeae6cdc3
PET4,PLAN_ECHAN,NB_PET,Nombre de placettes-échantillons temporaires implantées dans les peuplements de la strate,,80030759196a9339cce427aa8756d4429e299c8b801dec0618a19d6eeae6cdc3
PET4,PLAN_COMPOSANTE_FACTEXP_STR,ID_PE,Identifiant unique de placette-échantillon,,80030759196a9339cce427aa8756d4429e299c8b801dec0618a19d6eeae6cdc3
PET4,PLAN_COMPOSANTE_FACTEXP_STR,US_FOR,Unité de sondage de la carte écoforestière,,80030759196a9339cce427aa8756d4429e299c8b801dec0618a19d6eeae6cdc3
PET4,PLAN_COMPOSANTE_FACTEXP_STR,STR_ECHAN,Strate d'échantillonnage des peuplements écoforestiers,,80030759196a9339cce427aa8756d4429e299c8b801dec0618a19d6eeae6cdc3
PET4,PLAN_COMPOSANTE_FACTEXP_STR,FACTEXPSTR,Composante du facteur d'expansion découlant de la superficie et du nombre de placettes-échantillons dans la strate d'échantillonnage,,80030759196a9339cce427aa8756d4429e299c8b801dec0618a19d6eeae6cdc3
PET4,PLAN_PEE_STRATE,GEOCODE,Coordonnées métriques en X et Y d'un point situé à l'intérieur du polygone,,80030759196a9339cce427aa8756d4429e299c8b801dec0618a19d6eeae6cdc3
PET4,PLAN_PEE_STRATE,SUPERFICIE,Superficie calculée dans la projection conique équivalente d'Albers (ha),,80030759196a9339cce427aa8756d4429e299c8b801dec0618a19d6eeae6cdc3
PET4,PLAN_PEE_STRATE,US_FOR,Unité de sondage de la carte écoforestière,,80030759196a9339cce427aa8756d4429e299c8b801dec0618a19d6eeae6cdc3
PET4,PLAN_PEE_STRATE,STR_ECHAN,Strate d'échantillonnage des peuplements écoforestiers,,80030759196a9339cce427aa8756d4429e299c8b801dec0618a19d6eeae6cdc3
PET4,PEE_ORI_SOND,ID_PE,Identifiant unique de placette-échantillon,,80030759196a9339cce427aa8756d4429e299c8b801dec0618a19d6eeae6cdc3
PET4,PEE_ORI_SOND,GEOCODE,Coordonnées métriques en X et Y d'un point situé à l'intérieur du polygone,,80030759196a9339cce427aa8756d4429e299c8b801dec0618a19d6eeae6cdc3
PET4,PEE_ORI_SOND,ORIGINE,Perturbation d'origine,Oui,80030759196a9339cce427aa8756d4429e299c8b801dec0618a19d6eeae6cdc3
PET4,PEE_ORI_SOND,AN_ORIGINE,Année de la perturbation d'origine,,80030759196a9339cce427aa8756d4429e299c8b801dec0618a19d6eeae6cdc3
PET4,PEE_ORI_SOND,PERTURB,Perturbation partielle,Oui,80030759196a9339cce427aa8756d4429e299c8b801dec0618a19d6eeae6cdc3
PET4,PEE_ORI_SOND,AN_PERTURB,Année de la perturbation partielle,,80030759196a9339cce427aa8756d4429e299c8b801dec0618a19d6eeae6cdc3
PET4,PEE_ORI_SOND,REB_ESS1,Essence reboisée 1,Oui,80030759196a9339cce427aa8756d4429e299c8b801dec0618a19d6eeae6cdc3
PET4,PEE_ORI_SOND,REB_ESS2,Essence reboisée 2,Oui,80030759196a9339cce427aa8756d4429e299c8b801dec0618a19d6eeae6cdc3
PET4,PEE_ORI_SOND,REB_ESS3,Essence reboisée 3,Oui,80030759196a9339cce427aa8756d4429e299c8b801dec0618a19d6eeae6cdc3
PET4,PEE_ORI_SOND,ET_DOMI,Étage dominant en surface terrière,,80030759196a9339cce427aa8756d4429e299c8b801dec0618a19d6eeae6cdc3
PET4,PEE_ORI_SOND,PART_STR,Particularité du peuplement ou de la strate,Oui,80030759196a9339cce427aa8756d4429e299c8b801dec0618a19d6eeae6cdc3
PET4,PEE_ORI_SOND,TYPE_COUV,Grand type de couvert,Oui,80030759196a9339cce427aa8756d4429e299c8b801dec0618a19d6eeae6cdc3
PET4,PEE_ORI_SOND,GR_ESS,Groupement d'essences,Oui,80030759196a9339cce427aa8756d4429e299c8b801dec0618a19d6eeae6cdc3
PET4,PEE_ORI_SOND,CL_DENS,Classe de densité,Oui,80030759196a9339cce427aa8756d4429e299c8b801dec0618a19d6eeae6cdc3
PET4,PEE_ORI_SOND,CL_HAUT,Classe de hauteur,Oui,80030759196a9339cce427aa8756d4429e299c8b801dec0618a19d6eeae6cdc3
PET4,PEE_ORI_SOND,CL_AGE,Classe d'âge,Oui,80030759196a9339cce427aa8756d4429e299c8b801dec0618a19d6eeae6cdc3
PET4,PEE_ORI_SOND,CL_PENT,Classe de pente,Oui,80030759196a9339cce427aa8756d4429e299c8b801dec0618a19d6eeae6cdc3
PET4,PEE_ORI_SOND,DEP_SUR,Dépôt de surface,Oui,80030759196a9339cce427aa8756d4429e299c8b801dec0618a19d6eeae6cdc3
PET4,PEE_ORI_SOND,CL_DRAI,Classe de drainage,Oui,80030759196a9339cce427aa8756d4429e299c8b801dec0618a19d6eeae6cdc3
PET4,PEE_ORI_SOND,TYPE_ECO,Type écologique,Oui,80030759196a9339cce427aa8756d4429e299c8b801dec0618a19d6eeae6cdc3
PET4,PEE_ORI_SOND,CO_TER,Code de terrain,Oui,80030759196a9339cce427aa8756d4429e299c8b801dec0618a19d6eeae6cdc3
PET4,PEE_ORI_SOND,TYPE_TER,Type de terrain,Oui,80030759196a9339cce427aa8756d4429e299c8b801dec0618a19d6eeae6cdc3
PET4,PEE_ORI_SOND,AN_PRO_ORI,Année du produit source de la photo-interprétation originale,,80030759196a9339cce427aa8756d4429e299c8b801dec0618a19d6eeae6cdc3
PET4,PEE_ORI_SOND,STRATE,Strate cartographique,,80030759196a9339cce427aa8756d4429e299c8b801dec0618a19d6eeae6cdc3
PET4,PEE_ORI_SOND,ETAT_STR,État de la strate cartographique,Oui,80030759196a9339cce427aa8756d4429e299c8b801dec0618a19d6eeae6cdc3
PET4,PEE_ORI_SOND,OR_STRATE,Identification d'où provient la donnée cartographique pour la diffusion correspondant à la carte,,80030759196a9339cce427aa8756d4429e299c8b801dec0618a19d6eeae6cdc3
PET4,PEE_ORI_SOND,NO_PRG,Numéro de programme,Oui,80030759196a9339cce427aa8756d4429e299c8b801dec0618a19d6eeae6cdc3
PET4,PEE_ORI_SOND,IN_ETAGE,Indicateur de présence de variables dendrométriques photointerpretées détaillées par étages des peuplements,,80030759196a9339cce427aa8756d4429e299c8b801dec0618a19d6eeae6cdc3
PET4,PEE_ORI_SOND,IN_ESSENCE,Indicateur de présence d'une composition en essences détaillées,,80030759196a9339cce427aa8756d4429e299c8b801dec0618a19d6eeae6cdc3
PET4,PEE_ETAGE_ORI_SOND,ID_PE,Identifiant unique de placette-échantillon,,80030759196a9339cce427aa8756d4429e299c8b801dec0618a19d6eeae6cdc3
PET4,PEE_ETAGE_ORI_SOND,GEOCODE,Coordonnées métriques en X et Y d'un point situé à l'intérieur du polygone,,80030759196a9339cce427aa8756d4429e299c8b801dec0618a19d6eeae6cdc3
PET4,PEE_ETAGE_ORI_SOND,ETAGE,Étage caractérisé,,80030759196a9339cce427aa8756d4429e299c8b801dec0618a19d6eeae6cdc3
PET4,PEE_ETAGE_ORI_SOND,TY_COUV_ET,Type de couvert,Oui,80030759196a9339cce427aa8756d4429e299c8b801dec0618a19d6eeae6cdc3
PET4,PEE_ETAGE_ORI_SOND,DENSITE,Densité du couvert forestier (%),Oui,80030759196a9339cce427aa8756d4429e299c8b801dec0618a19d6eeae6cdc3
PET4,PEE_ETAGE_ORI_SOND,HAUTEUR,Hauteur (m),Oui,80030759196a9339cce427aa8756d4429e299c8b801dec0618a19d6eeae6cdc3
PET4,PEE_ETAGE_ORI_SOND,CL_AGE_ET,Classe d'âge,Oui,80030759196a9339cce427aa8756d4429e299c8b801dec0618a19d6eeae6cdc3
PET4,PEE_ETAGE_ORI_SOND,ETA_ESS_PC,Concaténation des essences et de leur proportion de la surface terrière totale qu'elles occupent,,80030759196a9339cce427aa8756d4429e299c8b801dec0618a19d6eeae6cdc3
PET4,PEE_ESSENCE_ORI_SOND,ID_PE,Identifiant unique de placette-échantillon,,80030759196a9339cce427aa8756d4429e299c8b801dec0618a19d6eeae6cdc3
PET4,PEE_ESSENCE_ORI_SOND,GEOCODE,Coordonnées métriques en X et Y d'un point situé à l'intérieur du polygone,,80030759196a9339cce427aa8756d4429e299c8b801dec0618a19d6eeae6cdc3
PET4,PEE_ESSENCE_ORI_SOND,ETAGE,Étage caractérisé,,80030759196a9339cce427aa8756d4429e299c8b801dec0618a19d6eeae6cdc3
PET4,PEE_ESSENCE_ORI_SOND,ESSENCE,Essence individuelle ou groupe d’essences,Oui,80030759196a9339cce427aa8756d4429e299c8b801dec0618a19d6eeae6cdc3
PET4,PEE_ESSENCE_ORI_SOND,ST_ESS_PC,Surface terrière relative occupée par l'essence ou le groupe d’essences (%),,80030759196a9339cce427aa8756d4429e299c8b801dec0618a19d6eeae6cdc3
PET4,STATION_PE,ID_PE,Identifiant unique de placette-échantillon,,80030759196a9339cce427aa8756d4429e299c8b801dec0618a19d6eeae6cdc3
PET4,STATION_PE,ORIGINE,Perturbation d'origine,Oui,80030759196a9339cce427aa8756d4429e299c8b801dec0618a19d6eeae6cdc3
PET4,STATION_PE,PERTURB,Perturbation partielle,Oui,80030759196a9339cce427aa8756d4429e299c8b801dec0618a19d6eeae6cdc3
PET4,STATION_PE,REB_ESS1,Essence reboisée 1,Oui,80030759196a9339cce427aa8756d4429e299c8b801dec0618a19d6eeae6cdc3
PET4,STATION_PE,REB_ESS2,Essence reboisée 2,Oui,80030759196a9339cce427aa8756d4429e299c8b801dec0618a19d6eeae6cdc3
PET4,STATION_PE,REB_ESS3,Essence reboisée 3,Oui,80030759196a9339cce427aa8756d4429e299c8b801dec0618a19d6eeae6cdc3
PET4,STATION_PE,REB_ESS4,Essence reboisée 4,Oui,80030759196a9339cce427aa8756d4429e299c8b801dec0618a19d6eeae6cdc3
PET4,STATION_PE,REB_ESS5,Essence reboisée 5,Oui,80030759196a9339cce427aa8756d4429e299c8b801dec0618a19d6eeae6cdc3
PET4,STATION_PE,PART_STR,Particularité du peuplement ou de la strate,Oui,80030759196a9339cce427aa8756d4429e299c8b801dec0618a19d6eeae6cdc3
PET4,STATION_PE,TYPE_COUV,Grand type de couvert,Oui,80030759196a9339cce427aa8756d4429e299c8b801dec0618a19d6eeae6cdc3
PET4,STATION_PE,GR_ESS,Groupement d'essences,Oui,80030759196a9339cce427aa8756d4429e299c8b801dec0618a19d6eeae6cdc3
PET4,STATION_PE,CL_DENS,Classe de densité,Oui,80030759196a9339cce427aa8756d4429e299c8b801dec0618a19d6eeae6cdc3
PET4,STATION_PE,CL_HAUT,Classe de hauteur,Oui,80030759196a9339cce427aa8756d4429e299c8b801dec0618a19d6eeae6cdc3
PET4,STATION_PE,CL_AGE,Classe d'âge,Oui,80030759196a9339cce427aa8756d4429e299c8b801dec0618a19d6eeae6cdc3
PET4,STATION_PE,CL_PENT,Classe de pente,Oui,80030759196a9339cce427aa8756d4429e299c8b801dec0618a19d6eeae6cdc3
PET4,STATION_PE,DEP_SUR,Dépôt de surface,Oui,80030759196a9339cce427aa8756d4429e299c8b801dec0618a19d6eeae6cdc3
PET4,STATION_PE,CL_DRAI,Classe de drainage,Oui,80030759196a9339cce427aa8756d4429e299c8b801dec0618a19d6eeae6cdc3
PET4,STATION_PE,VEG_POT,Végétation potentielle,Oui,80030759196a9339cce427aa8756d4429e299c8b801dec0618a19d6eeae6cdc3
PET4,STATION_PE,TYPE_ECO,Type écologique,Oui,80030759196a9339cce427aa8756d4429e299c8b801dec0618a19d6eeae6cdc3
PET4,STATION_PE,CO_TER,Code de terrain,Oui,80030759196a9339cce427aa8756d4429e299c8b801dec0618a19d6eeae6cdc3
PET4,STATION_PE,NATURE_DEP,Nature du dépôt,,80030759196a9339cce427aa8756d4429e299c8b801dec0618a19d6eeae6cdc3
PET4,STATION_PE,TEXT_SYNTH,Texture synthèse,,80030759196a9339cce427aa8756d4429e299c8b801dec0618a19d6eeae6cdc3
PET4,STATION_PE,DRAI_SYNTH,Drainage synthèse,,80030759196a9339cce427aa8756d4429e299c8b801dec0618a19d6eeae6cdc3
PET4,STATION_PE,PART_MPHYS,Particularité du milieu physique,Oui,80030759196a9339cce427aa8756d4429e299c8b801dec0618a19d6eeae6cdc3
PET4,STATION_PE,GUIDE_ECO,Guide de reconnaissance des types écologiques considéré,,80030759196a9339cce427aa8756d4429e299c8b801dec0618a19d6eeae6cdc3
PET4,STATION_PE,PHYS_COUV,Physionomie du couvert,Oui,80030759196a9339cce427aa8756d4429e299c8b801dec0618a19d6eeae6cdc3
PET4,STATION_PE,COUV_ARBO1,Première essence du couvert arborescent,Oui,80030759196a9339cce427aa8756d4429e299c8b801dec0618a19d6eeae6cdc3
PET4,STATION_PE,COUV_ARBO2,Deuxième essence du couvert arborescent,Oui,80030759196a9339cce427aa8756d4429e299c8b801dec0618a19d6eeae6cdc3
PET4,STATION_PE,COUV_ARBO3,Troisième essence du couvert arborescent,Oui,80030759196a9339cce427aa8756d4429e299c8b801dec0618a19d6eeae6cdc3
PET4,STATION_PE,COUV_ARBO,Composition du couvert arborescent,Oui,80030759196a9339cce427aa8756d4429e299c8b801dec0618a19d6eeae6cdc3
PET4,STATION_PE,GR_ECO_EL1,Premier groupe écologique élémentaire du groupe d'espèces indicatrices,Oui,80030759196a9339cce427aa8756d4429e299c8b801dec0618a19d6eeae6cdc3
PET4,STATION_PE,GR_ECO_EL2,Deuxième groupe écologique élémentaire du groupe d'espèces indicatrices,Oui,80030759196a9339cce427aa8756d4429e299c8b801dec0618a19d6eeae6cdc3
PET4,STATION_PE,GR_ECO_EL3,Troisième groupe écologique élémentaire du groupe d'espèces indicatrices,Oui,80030759196a9339cce427aa8756d4429e299c8b801dec0618a19d6eeae6cdc3
PET4,STATION_PE,GRESP_INDI,Groupe d'espèces indicatrices,Oui,80030759196a9339cce427aa8756d4429e299c8b801dec0618a19d6eeae6cdc3
PET4,STATION_PE,TYPE_FOR,Description de la végétation des espèces arborescentes et des espèces indicatrices de sous-bois de la station,,80030759196a9339cce427aa8756d4429e299c8b801dec0618a19d6eeae6cdc3
PET4,STATION_PE,ALTITUDE,Altitude de la placette récupérée géomatiquement (m),,80030759196a9339cce427aa8756d4429e299c8b801dec0618a19d6eeae6cdc3
PET4,STATION_PE,VERSANT,Position du versant,Oui,80030759196a9339cce427aa8756d4429e299c8b801dec0618a19d6eeae6cdc3
PET4,STATION_PE,PC_PENT,Pourcentage d'inclinaison de la pente (41% et plus),,80030759196a9339cce427aa8756d4429e299c8b801dec0618a19d6eeae6cdc3
PET4,STATION_PE,DC_SUP_AFT,Description de la superficie affectée,,80030759196a9339cce427aa8756d4429e299c8b801dec0618a19d6eeae6cdc3
PET4,STATION_PE,PC_SUP_AFT,Pourcentage de la superficie affectée,,80030759196a9339cce427aa8756d4429e299c8b801dec0618a19d6eeae6cdc3
PET4,STATION_PE,PC_REC_IF,Pourcentage de recouvrement de l'If (%),,80030759196a9339cce427aa8756d4429e299c8b801dec0618a19d6eeae6cdc3
PET4,STATION_PE,PCRECIF60,Pourcentage de recouvrement de l'If à une hauteur de 60cm et plus (%),,80030759196a9339cce427aa8756d4429e299c8b801dec0618a19d6eeae6cdc3
PET4,STATION_PE,IN_ETAGE,Indicateur de présence de variables dendrométriques photointerpretées détaillées par étages des peuplements,,80030759196a9339cce427aa8756d4429e299c8b801dec0618a19d6eeae6cdc3
PET4,STATION_PE,IN_ESSENCE,Indicateur de présence d'une composition en essences détaillées,,80030759196a9339cce427aa8756d4429e299c8b801dec0618a19d6eeae6cdc3
PET4,STATION_ETAGE,ID_PE,Identifiant unique de placette-échantillon,,80030759196a9339cce427aa8756d4429e299c8b801dec0618a19d6eeae6cdc3
PET4,STATION_ETAGE,ETAGE,Étage caractérisé,,80030759196a9339cce427aa8756d4429e299c8b801dec0618a19d6eeae6cdc3
PET4,STATION_ETAGE,TY_COUV_ET,Type de couvert,Oui,80030759196a9339cce427aa8756d4429e299c8b801dec0618a19d6eeae6cdc3
PET4,STATION_ETAGE,DENSITE,Densité du couvert forestier (%),Oui,80030759196a9339cce427aa8756d4429e299c8b801dec0618a19d6eeae6cdc3
PET4,STATION_ETAGE,HAUTEUR,Hauteur (m),,80030759196a9339cce427aa8756d4429e299c8b801dec0618a19d6eeae6cdc3
PET4,STATION_ETAGE,CL_AGE_ET,Classe d'âge,,80030759196a9339cce427aa8756d4429e299c8b801dec0618a19d6eeae6cdc3
PET4,STATION_ETAGE,ETA_ESS_PC,Concaténation des essences et de leur proportion de la surface terrière totale qu'elles occupent,Oui,80030759196a9339cce427aa8756d4429e299c8b801dec0618a19d6eeae6cdc3
PET4,STATION_ESSENCE,ID_PE,Identifiant unique de placette-échantillon,,80030759196a9339cce427aa8756d4429e299c8b801dec0618a19d6eeae6cdc3
PET4,STATION_ESSENCE,ETAGE,Étage caractérisé,,80030759196a9339cce427aa8756d4429e299c8b801dec0618a19d6eeae6cdc3
PET4,STATION_ESSENCE,ESSENCE,Essence individuelle ou groupe d’essences,Oui,80030759196a9339cce427aa8756d4429e299c8b801dec0618a19d6eeae6cdc3
PET4,STATION_ESSENCE,ST_ESS_PC,Surface terrière relative occupée par l'essence ou le groupe d’essences (%),,80030759196a9339cce427aa8756d4429e299c8b801dec0618a19d6eeae6cdc3
PET4,DENDRO_TIGES,ID_PE,Identifiant unique de placette-échantillon,,80030759196a9339cce427aa8756d4429e299c8b801dec0618a19d6eeae6cdc3
PET4,DENDRO_TIGES,ETAT,État de la tige,Oui,80030759196a9339cce427aa8756d4429e299c8b801dec0618a19d6eeae6cdc3
PET4,DENDRO_TIGES,ESSENCE,Essence,Oui,80030759196a9339cce427aa8756d4429e299c8b801dec0618a19d6eeae6cdc3
PET4,DENDRO_TIGES,CL_DHP,Classe de diamètre à hauteur de poitrine (cm),Oui,80030759196a9339cce427aa8756d4429e299c8b801dec0618a19d6eeae6cdc3
PET4,DENDRO_TIGES,CL_DEFOL,Classe de défoliation,Oui,80030759196a9339cce427aa8756d4429e299c8b801dec0618a19d6eeae6cdc3
PET4,DENDRO_TIGES,CL_QUAL,Classe de qualité,Oui,80030759196a9339cce427aa8756d4429e299c8b801dec0618a19d6eeae6cdc3
PET4,DENDRO_TIGES,IN_VETERAN,Indicateur d'arbre vétéran,,80030759196a9339cce427aa8756d4429e299c8b801dec0618a19d6eeae6cdc3
PET4,DENDRO_TIGES,HT_TIG_CAS,Hauteur de la tige cassée (m),,80030759196a9339cce427aa8756d4429e299c8b801dec0618a19d6eeae6cdc3
PET4,DENDRO_TIGES,NB_TIGE,Nombre de tiges dénombrées avec les mêmes informations,,80030759196a9339cce427aa8756d4429e299c8b801dec0618a19d6eeae6cdc3
PET4,DENDRO_TIGES,TIGE_HA,Nombre de tiges à l'hectare (tiges/ha),,80030759196a9339cce427aa8756d4429e299c8b801dec0618a19d6eeae6cdc3
PET4,DENDRO_TIGES,ST_HA,Surface terrière à l'hectare (m²/ha),,80030759196a9339cce427aa8756d4429e299c8b801dec0618a19d6eeae6cdc3
PET4,DENDRO_TIGES,VMB_HA,Volume marchand brut à l'hectare (m³/ha),,80030759196a9339cce427aa8756d4429e299c8b801dec0618a19d6eeae6cdc3
PET4,DENDRO_TIGES,VMB_HA,Volume marchand brut à l'hectare (m³/ha),,80030759196a9339cce427aa8756d4429e299c8b801dec0618a19d6eeae6cdc3
PET4,DENDRO_TIGES,B_ARB_MA_BO_HA,Biomasse aérienne des arbres à l'hectare (ta/ha) - Bois de la partie marchande du tronc,,80030759196a9339cce427aa8756d4429e299c8b801dec0618a19d6eeae6cdc3
PET4,DENDRO_TIGES,B_ARB_MA_EC_HA,Biomasse aérienne des arbres à l'hectare (ta/ha) - Écorce de la partie marchande du tronc,,80030759196a9339cce427aa8756d4429e299c8b801dec0618a19d6eeae6cdc3
PET4,DENDRO_TIGES,B_ARB_BR_HA,"Biomasse aérienne des arbres à l'hectare (ta/ha) - Bois et écorce des branches incluant, pour les essences résineuses, la partie supérieure non marchande du tronc",,80030759196a9339cce427aa8756d4429e299c8b801dec0618a19d6eeae6cdc3
PET4,DENDRO_TIGES,B_ARB_FE_HA,Biomasse aérienne des arbres à l'hectare (ta/ha) - Feuillage,,80030759196a9339cce427aa8756d4429e299c8b801dec0618a19d6eeae6cdc3
PET4,DENDRO_TIGES,B_ARB_SOUCHE_HA,Biomasse aérienne des arbres à l'hectare (ta/ha) - Bois et écorce de la souche,,80030759196a9339cce427aa8756d4429e299c8b801dec0618a19d6eeae6cdc3
PET4,DENDRO_TIGES,B_ARB_TOT_HA,"Biomasse aérienne des arbres à l'hectare (ta/ha) - Total toutes composantes (bois, écorce, branches et feuillage)",,80030759196a9339cce427aa8756d4429e299c8b801dec0618a19d6eeae6cdc3
PET4,DENDRO_TIGES,C_ARB_MA_BO_HA,Carbone aérien des arbres à l'hectare (t/ha) - Bois de la partie marchande du tronc,,80030759196a9339cce427aa8756d4429e299c8b801dec0618a19d6eeae6cdc3
PET4,DENDRO_TIGES,C_ARB_MA_EC_HA,Carbone aérien des arbres à l'hectare (t/ha) - Écorce de la partie marchande du tronc,,80030759196a9339cce427aa8756d4429e299c8b801dec0618a19d6eeae6cdc3
PET4,DENDRO_TIGES,C_ARB_BR_HA,"Carbone aérien des arbres à l'hectare (t/ha) - Bois et écorce des branches incluant, pour les essences résineuses, la partie supérieure non marchande du tronc",,80030759196a9339cce427aa8756d4429e299c8b801dec0618a19d6eeae6cdc3
PET4,DENDRO_TIGES,C_ARB_FE_HA,Carbone aérien des arbres à l'hectare (t/ha) - Feuillage,,80030759196a9339cce427aa8756d4429e299c8b801dec0618a19d6eeae6cdc3
PET4,DENDRO_TIGES,C_ARB_SOUCHE_HA,Carbone aérien des arbres à l'hectare (ta/ha) - Bois et écorce de la souche,,80030759196a9339cce427aa8756d4429e299c8b801dec0618a19d6eeae6cdc3
PET4,DENDRO_TIGES,C_ARB_TOT_HA,"Carbone aérien des arbres à l'hectare (t/ha) - Total toutes composantes (bois, écorce, branches et feuillage)",,80030759196a9339cce427aa8756d4429e299c8b801dec0618a19d6eeae6cdc3
PET4,DENDRO_GAULES,ID_PE,Identifiant unique de placette-échantillon,,80030759196a9339cce427aa8756d4429e299c8b801dec0618a19d6eeae6cdc3
PET4,DENDRO_GAULES,ESSENCE,Essence,Oui,80030759196a9339cce427aa8756d4429e299c8b801dec0618a19d6eeae6cdc3
PET4,DENDRO_GAULES,CL_DHP,Classe de diamètre à hauteur de poitrine (cm),Oui,80030759196a9339cce427aa8756d4429e299c8b801dec0618a19d6eeae6cdc3
PET4,DENDRO_GAULES,NB_TIGE,Nombre de tiges dénombrées avec les mêmes informations,,80030759196a9339cce427aa8756d4429e299c8b801dec0618a19d6eeae6cdc3
PET4,DENDRO_GAULES,TIGE_HA,Nombre de tiges à l'hectare (tiges/ha),,80030759196a9339cce427aa8756d4429e299c8b801dec0618a19d6eeae6cdc3
PET4,DENDRO_GAULES,ST_HA,Surface terrière à l'hectare (m²/ha),,80030759196a9339cce427aa8756d4429e299c8b801dec0618a19d6eeae6cdc3
PET4,DENDRO_GAULES,ST_HA,Surface terrière à l'hectare (m²/ha),,80030759196a9339cce427aa8756d4429e299c8b801dec0618a19d6eeae6cdc3
PET4,DENDRO_GAULES,B_ARB_BO_HA,Biomasse aérienne des arbres à l'hectare (ta/ha) - Bois de l'ensemble du tronc,,80030759196a9339cce427aa8756d4429e299c8b801dec0618a19d6eeae6cdc3
PET4,DENDRO_GAULES,B_ARB_BR_HA,Biomasse aérienne des arbres à l'hectare (ta/ha) - Bois et écorce des branches,,80030759196a9339cce427aa8756d4429e299c8b801dec0618a19d6eeae6cdc3
PET4,DENDRO_GAULES,B_ARB_EC_HA,Biomasse aérienne des arbres à l'hectare (ta/ha) - Écorce de l'ensemble du tronc,,80030759196a9339cce427aa8756d4429e299c8b801dec0618a19d6eeae6cdc3
PET4,DENDRO_GAULES,B_ARB_FE_HA,Biomasse aérienne des arbres à l'hectare (ta/ha) - Feuillage,,80030759196a9339cce427aa8756d4429e299c8b801dec0618a19d6eeae6cdc3
PET4,DENDRO_GAULES,B_ARB_TOT_HA,"Biomasse aérienne des arbres à l'hectare (ta/ha) - Total toutes composantes (bois, écorce, branches et feuillage)",,80030759196a9339cce427aa8756d4429e299c8b801dec0618a19d6eeae6cdc3
PET4,DENDRO_GAULES,C_ARB_BO_HA,Carbone aérien des arbres à l'hectare (t/ha) - Bois de l'ensemble du tronc,,80030759196a9339cce427aa8756d4429e299c8b801dec0618a19d6eeae6cdc3
PET4,DENDRO_GAULES,C_ARB_BR_HA,Carbone aérien des arbres à l'hectare (t/ha) - Bois et écorce des branches,,80030759196a9339cce427aa8756d4429e299c8b801dec0618a19d6eeae6cdc3
PET4,DENDRO_GAULES,C_ARB_EC_HA,Carbone aérien des arbres à l'hectare (t/ha) - Écorce de l'ensemble du tronc,,80030759196a9339cce427aa8756d4429e299c8b801dec0618a19d6eeae6cdc3
PET4,DENDRO_GAULES,C_ARB_FE_HA,Carbone aérien des arbres à l'hectare (t/ha) - Feuillage,,80030759196a9339cce427aa8756d4429e299c8b801dec0618a19d6eeae6cdc3
PET4,DENDRO_GAULES,C_ARB_TOT_HA,"Carbone aérien des arbres à l'hectare (t/ha) - Total toutes composantes (bois, écorce, branches et feuillage)",,80030759196a9339cce427aa8756d4429e299c8b801dec0618a19d6eeae6cdc3
PET4,DENDRO_TIGES_CMP,ID_PE,Identifiant unique de placette-échantillon,,80030759196a9339cce427aa8756d4429e299c8b801dec0618a19d6eeae6cdc3
PET4,DENDRO_TIGES_CMP,CAT_CO_CMP,"Catégorie définissant l'échelle de compilation des résultats (essence, groupe d'attribution, type d'essences ou total toutes essences)",Oui,80030759196a9339cce427aa8756d4429e299c8b801dec0618a19d6eeae6cdc3
PET4,DENDRO_TIGES_CMP,CO_CMP,Code identifiant une essence ou un regroupement d'essences au sein d'une catégorie,Oui,80030759196a9339cce427aa8756d4429e299c8b801dec0618a19d6eeae6cdc3
PET4,DENDRO_TIGES_CMP,TIGE_HA,Nombre de tiges à l'hectare (tiges/ha),,80030759196a9339cce427aa8756d4429e299c8b801dec0618a19d6eeae6cdc3
PET4,DENDRO_TIGES_CMP,ST_HA,Surface terrière à l'hectare (m²/ha),,80030759196a9339cce427aa8756d4429e299c8b801dec0618a19d6eeae6cdc3
PET4,DENDRO_TIGES_CMP,VMB_HA,Volume marchand brut à l'hectare (m²/ha),,80030759196a9339cce427aa8756d4429e299c8b801dec0618a19d6eeae6cdc3
PET4,DENDRO_TIGES_CMP,VMB_TIGE,Volume marchand brut moyen par tige (dm³/ha),,80030759196a9339cce427aa8756d4429e299c8b801dec0618a19d6eeae6cdc3
PET4,DENDRO_TIGES_CMP,DHPQ,Diamètre à hauteur de poitrine moyen quadratique (cm),,80030759196a9339cce427aa8756d4429e299c8b801dec0618a19d6eeae6cdc3
PET4,DENDRO_TIGES_CMP,B_ARB_MA_BO_HA,Biomasse aérienne des arbres à l'hectare (ta/ha) - Bois de la partie marchande du tronc,,80030759196a9339cce427aa8756d4429e299c8b801dec0618a19d6eeae6cdc3
PET4,DENDRO_TIGES_CMP,B_ARB_MA_EC_HA,Biomasse aérienne des arbres à l'hectare (ta/ha) - Écorce de la partie marchande du tronc,,80030759196a9339cce427aa8756d4429e299c8b801dec0618a19d6eeae6cdc3
PET4,DENDRO_TIGES_CMP,B_ARB_BR_HA,"Biomasse aérienne des arbres à l'hectare (ta/ha) - Bois et écorce des branches incluant, pour les essences résineuses, la partie supérieure non marchande du tronc",,80030759196a9339cce427aa8756d4429e299c8b801dec0618a19d6eeae6cdc3
PET4,DENDRO_TIGES_CMP,B_ARB_FE_HA,Biomasse aérienne des arbres à l'hectare (ta/ha) - Feuillage,,80030759196a9339cce427aa8756d4429e299c8b801dec0618a19d6eeae6cdc3
PET4,DENDRO_TIGES_CMP,B_ARB_SOUCHE_HA,Biomasse aérienne des arbres à l'hectare (ta/ha) - Bois et écorce de la souche,,80030759196a9339cce427aa8756d4429e299c8b801dec0618a19d6eeae6cdc3
PET4,DENDRO_TIGES_CMP,B_ARB_TOT_HA,"Biomasse aérienne des arbres à l'hectare (ta/ha) - Total toutes composantes (bois, écorce, branches et feuillage)",,80030759196a9339cce427aa8756d4429e299c8b801dec0618a19d6eeae6cdc3
PET4,DENDRO_TIGES_CMP,C_ARB_MA_BO_HA,Carbone aérien des arbres à l'hectare (t/ha) - Bois de la partie marchande du tronc,,80030759196a9339cce427aa8756d4429e299c8b801dec0618a19d6eeae6cdc3
PET4,DENDRO_TIGES_CMP,C_ARB_MA_EC_HA,Carbone aérien des arbres à l'hectare (t/ha) - Écorce de la partie marchande du tronc,,80030759196a9339cce427aa8756d4429e299c8b801dec0618a19d6eeae6cdc3
PET4,DENDRO_TIGES_CMP,C_ARB_BR_HA,"Carbone aérien des arbres à l'hectare (t/ha) - Bois et écorce des branches incluant, pour les essences résineuses, la partie supérieure non marchande du tronc",,80030759196a9339cce427aa8756d4429e299c8b801dec0618a19d6eeae6cdc3
PET4,DENDRO_TIGES_CMP,C_ARB_FE_HA,Carbone aérien des arbres à l'hectare (t/ha) - Feuillage,,80030759196a9339cce427aa8756d4429e299c8b801dec0618a19d6eeae6cdc3
PET4,DENDRO_TIGES_CMP,C_ARB_SOUCHE_HA,Carbone aérien des arbres à l'hectare (ta/ha) - Bois et écorce de la souche,,80030759196a9339cce427aa8756d4429e299c8b801dec0618a19d6eeae6cdc3
PET4,DENDRO_TIGES_CMP,C_ARB_TOT_HA,"Carbone aérien des arbres à l'hectare (t/ha) - Total toutes composantes (bois, écorce, branches et feuillage)",,80030759196a9339cce427aa8756d4429e299c8b801dec0618a19d6eeae6cdc3
PET4,DENDRO_ARBRES_ETUDES,ID_PE,Identifiant unique de placette-échantillon,,80030759196a9339cce427aa8756d4429e299c8b801dec0618a19d6eeae6cdc3
PET4,DENDRO_ARBRES_ETUDES,NO_ARBRE,Numéro d'arbre,,80030759196a9339cce427aa8756d4429e299c8b801dec0618a19d6eeae6cdc3
PET4,DENDRO_ARBRES_ETUDES,ID_ARBRE,Identifiant de l'arbre,,80030759196a9339cce427aa8756d4429e299c8b801dec0618a19d6eeae6cdc3
PET4,DENDRO_ARBRES_ETUDES,MET_SELEC,Méthode de sélection de l'arbre-étude,Oui,80030759196a9339cce427aa8756d4429e299c8b801dec0618a19d6eeae6cdc3
PET4,DENDRO_ARBRES_ETUDES,ESSENCE,Essence,Oui,80030759196a9339cce427aa8756d4429e299c8b801dec0618a19d6eeae6cdc3
PET4,DENDRO_ARBRES_ETUDES,CL_DEFOL,Classe de défoliation,Oui,80030759196a9339cce427aa8756d4429e299c8b801dec0618a19d6eeae6cdc3
PET4,DENDRO_ARBRES_ETUDES,CL_QUAL,Classe de qualité,Oui,80030759196a9339cce427aa8756d4429e299c8b801dec0618a19d6eeae6cdc3
PET4,DENDRO_ARBRES_ETUDES,ETAGE_ARB,Étage de l'arbre par rapport aux autres arbres du peuplement,Oui,80030759196a9339cce427aa8756d4429e299c8b801dec0618a19d6eeae6cdc3
PET4,DENDRO_ARBRES_ETUDES,ENSOLEIL,Classe d'ensoleillement,Oui,80030759196a9339cce427aa8756d4429e299c8b801dec0618a19d6eeae6cdc3
PET4,DENDRO_ARBRES_ETUDES,DHP,Diamètre à hauteur de poitrine (mm),,80030759196a9339cce427aa8756d4429e299c8b801dec0618a19d6eeae6cdc3
PET4,DENDRO_ARBRES_ETUDES,HAUT_ARBRE,Hauteur de l'arbre (dm),,80030759196a9339cce427aa8756d4429e299c8b801dec0618a19d6eeae6cdc3
PET4,DENDRO_ARBRES_ETUDES,HTBOISOEUV,Hauteur bois d'oeuvre (dm),,80030759196a9339cce427aa8756d4429e299c8b801dec0618a19d6eeae6cdc3
PET4,DENDRO_ARBRES_ETUDES,NIVLECTAGE,Niveau de lecture de l'âge (cm),Oui,80030759196a9339cce427aa8756d4429e299c8b801dec0618a19d6eeae6cdc3
PET4,DENDRO_ARBRES_ETUDES,AGE,Âge,,80030759196a9339cce427aa8756d4429e299c8b801dec0618a19d6eeae6cdc3
PET4,DENDRO_ARBRES_ETUDES,AGE_SANSOP,Âge sans période d'oppression,,80030759196a9339cce427aa8756d4429e299c8b801dec0618a19d6eeae6cdc3
PET4,DENDRO_ARBRES_ETUDES,SOURCE_AGE,Source de l'âge,Oui,80030759196a9339cce427aa8756d4429e299c8b801dec0618a19d6eeae6cdc3
PET4,DENDRO_ARBRES_ETUDES,CAR_AUTFEU,Indicateur de récolte de carotte pour autres feuillus,Oui,80030759196a9339cce427aa8756d4429e299c8b801dec0618a19d6eeae6cdc3
PET4,DENDRO_ARBRES_ETUDES,LONG_RAYON,Longueur du rayon (mm),,80030759196a9339cce427aa8756d4429e299c8b801dec0618a19d6eeae6cdc3
PET4,DENDRO_ARBRES_ETUDES,LONG_10,Longueur des 10 dernières années (mm),,80030759196a9339cce427aa8756d4429e299c8b801dec0618a19d6eeae6cdc3
PET4,DENDRO_ARBRES_ETUDES,NB_SANS_OP,Nombre de cernes sans oppression,,80030759196a9339cce427aa8756d4429e299c8b801dec0618a19d6eeae6cdc3
PET4,DENDRO_ARBRES_ETUDES,NB_EQUI_OP,Nombre de cernes équivalent à l'oppression,,80030759196a9339cce427aa8756d4429e299c8b801dec0618a19d6eeae6cdc3
PET4,DENDRO_ARBRES,ID_PE,Identifiant unique de placette-échantillon,,80030759196a9339cce427aa8756d4429e299c8b801dec0618a19d6eeae6cdc3
PET4,DENDRO_ARBRES,NO_ARBRE,Numéro d'arbre,,80030759196a9339cce427aa8756d4429e299c8b801dec0618a19d6eeae6cdc3
PET4,DENDRO_ARBRES,ID_ARBRE,Identifiant de l'arbre,,80030759196a9339cce427aa8756d4429e299c8b801dec0618a19d6eeae6cdc3
PET4,DENDRO_ARBRES,MET_SELEC,Méthode de sélection de l'arbre-étude,Oui,80030759196a9339cce427aa8756d4429e299c8b801dec0618a19d6eeae6cdc3
PET4,DENDRO_ARBRES,ETAT,État de la tige,Oui,80030759196a9339cce427aa8756d4429e299c8b801dec0618a19d6eeae6cdc3
PET4,DENDRO_ARBRES,ESSENCE,Essence,Oui,80030759196a9339cce427aa8756d4429e299c8b801dec0618a19d6eeae6cdc3
PET4,DENDRO_ARBRES,CL_DHP,Classe de diamètre à hauteur de poitrine (cm),Oui,80030759196a9339cce427aa8756d4429e299c8b801dec0618a19d6eeae6cdc3
PET4,DENDRO_ARBRES,DHP,Diamètre à hauteur de poitrine (mm),,80030759196a9339cce427aa8756d4429e299c8b801dec0618a19d6eeae6cdc3
PET4,DENDRO_ARBRES,IN_1410,Indicateur de présence dans la placette de 14.10 m de rayon,,80030759196a9339cce427aa8756d4429e299c8b801dec0618a19d6eeae6cdc3
PET4,DENDRO_ARBRES,CL_DEFOL,Classe de défoliation,Oui,80030759196a9339cce427aa8756d4429e299c8b801dec0618a19d6eeae6cdc3
PET4,DENDRO_ARBRES,CL_QUAL,Classe de qualité,Oui,80030759196a9339cce427aa8756d4429e299c8b801dec0618a19d6eeae6cdc3
PET4,DENDRO_ARBRES,HT_TIG_CAS,Hauteur de la tige cassée (m),,80030759196a9339cce427aa8756d4429e299c8b801dec0618a19d6eeae6cdc3
PET4,DENDRO_ARBRES,IN_VETERAN,Indicateur d'arbre vétéran,,80030759196a9339cce427aa8756d4429e299c8b801dec0618a19d6eeae6cdc3
PET4,DENDRO_ARBRES,DIC,"Défaut indicateur de carie établi selon le ""Guide des défauts externes et des indices de la carie dans les arbres""",Oui,80030759196a9339cce427aa8756d4429e299c8b801dec0618a19d6eeae6cdc3
PET4,DENDRO_ARBRES,HAUTEURDIC,Hauteur du défaut indicateur de carie (m),,80030759196a9339cce427aa8756d4429e299c8b801dec0618a19d6eeae6cdc3
PET4,DENDRO_ARBRES,PRIO_RECOL,"Priorité de récolte établie selon le ""Guide des défauts externes et des indices de la carie dans les arbres""",Oui,80030759196a9339cce427aa8756d4429e299c8b801dec0618a19d6eeae6cdc3
PET4,DENDRO_ARBRES,HAUT_ARBRE,Hauteur de l'arbre (dm),,80030759196a9339cce427aa8756d4429e299c8b801dec0618a19d6eeae6cdc3
PET4,DENDRO_ARBRES,ENSOLEIL,Classe d'ensoleillement,Oui,80030759196a9339cce427aa8756d4429e299c8b801dec0618a19d6eeae6cdc3
PET4,DENDRO_ARBRES,ETAGE_ARB,Étage de l'arbre par rapport aux autres arbres du peuplement,Oui,80030759196a9339cce427aa8756d4429e299c8b801dec0618a19d6eeae6cdc3
PET4,DENDRO_ARBRES,HTBOISOEUV,Hauteur bois d'oeuvre (dm),,80030759196a9339cce427aa8756d4429e299c8b801dec0618a19d6eeae6cdc3
PET4,DENDRO_ARBRES,NIVLECTAGE,Niveau de lecture de l'âge (cm),Oui,80030759196a9339cce427aa8756d4429e299c8b801dec0618a19d6eeae6cdc3
PET4,DENDRO_ARBRES,AGE,Âge,,80030759196a9339cce427aa8756d4429e299c8b801dec0618a19d6eeae6cdc3
PET4,DENDRO_ARBRES,AGE_SANSOP,Âge sans période d'oppression,,80030759196a9339cce427aa8756d4429e299c8b801dec0618a19d6eeae6cdc3
PET4,DENDRO_ARBRES,SOURCE_AGE,Source de l'âge,Oui,80030759196a9339cce427aa8756d4429e299c8b801dec0618a19d6eeae6cdc3
PET4,DENDRO_ARBRES,CAR_AUTFEU,Indicateur de récolte de carotte pour autres feuillus,Oui,80030759196a9339cce427aa8756d4429e299c8b801dec0618a19d6eeae6cdc3
PET4,DENDRO_ARBRES,LONG_RAYON,Longueur du rayon (mm),,80030759196a9339cce427aa8756d4429e299c8b801dec0618a19d6eeae6cdc3
PET4,DENDRO_ARBRES,LONG_10,Longueur des 10 dernières années (mm),,80030759196a9339cce427aa8756d4429e299c8b801dec0618a19d6eeae6cdc3
PET4,DENDRO_ARBRES,NB_SANS_OP,Nombre de cernes sans oppression,,80030759196a9339cce427aa8756d4429e299c8b801dec0618a19d6eeae6cdc3
PET4,DENDRO_ARBRES,NB_EQUI_OP,Nombre de cernes équivalent à l'oppression,,80030759196a9339cce427aa8756d4429e299c8b801dec0618a19d6eeae6cdc3
PET4,DENDRO_ARBRES,HAUT_ESTI,Hauteur estimée de la tige (dm),,80030759196a9339cce427aa8756d4429e299c8b801dec0618a19d6eeae6cdc3
PET4,DENDRO_ARBRES,TIGE_HA,Nombre de tiges à l'hectare (tiges/ha),,80030759196a9339cce427aa8756d4429e299c8b801dec0618a19d6eeae6cdc3
PET4,DENDRO_ARBRES,ST_HA,Surface terrière à l'hectare (m²/ha),,80030759196a9339cce427aa8756d4429e299c8b801dec0618a19d6eeae6cdc3
PET4,DENDRO_ARBRES,VMB_HA,Volume marchand brut à l'hectare (m³/ha),,80030759196a9339cce427aa8756d4429e299c8b801dec0618a19d6eeae6cdc3
PET4,DENDRO_ARBRES,B_ARB_MA_BO_HA,Biomasse aérienne des arbres à l'hectare (ta/ha) - Bois de la partie marchande du tronc,,80030759196a9339cce427aa8756d4429e299c8b801dec0618a19d6eeae6cdc3
PET4,DENDRO_ARBRES,B_ARB_MA_EC_HA,Biomasse aérienne des arbres à l'hectare (ta/ha) - Écorce de la partie marchande du tronc,,80030759196a9339cce427aa8756d4429e299c8b801dec0618a19d6eeae6cdc3
PET4,DENDRO_ARBRES,B_ARB_BR_HA,"Biomasse aérienne des arbres à l'hectare (ta/ha) - Bois et écorce des branches incluant, pour les essences résineuses, la partie supérieure non marchande du tronc",,80030759196a9339cce427aa8756d4429e299c8b801dec0618a19d6eeae6cdc3
PET4,DENDRO_ARBRES,B_ARB_FE_HA,Biomasse aérienne des arbres à l'hectare (ta/ha) - Feuillage,,80030759196a9339cce427aa8756d4429e299c8b801dec0618a19d6eeae6cdc3
PET4,DENDRO_ARBRES,B_ARB_SOUCHE_HA,Biomasse aérienne des arbres à l'hectare (ta/ha) - Bois et écorce de la souche,,80030759196a9339cce427aa8756d4429e299c8b801dec0618a19d6eeae6cdc3
PET4,DENDRO_ARBRES,B_ARB_TOT_HA,"Biomasse aérienne des arbres à l'hectare (ta/ha) - Total toutes composantes (bois, écorce, branches et feuillage)",,80030759196a9339cce427aa8756d4429e299c8b801dec0618a19d6eeae6cdc3
PET4,DENDRO_ARBRES,C_ARB_MA_BO_HA,Carbone aérien des arbres à l'hectare (t/ha) - Bois de la partie marchande du tronc,,80030759196a9339cce427aa8756d4429e299c8b801dec0618a19d6eeae6cdc3
PET4,DENDRO_ARBRES,C_ARB_MA_EC_HA,Carbone aérien des arbres à l'hectare (t/ha) - Écorce de la partie marchande du tronc,,80030759196a9339cce427aa8756d4429e299c8b801dec0618a19d6eeae6cdc3
PET4,DENDRO_ARBRES,C_ARB_BR_HA,"Carbone aérien des arbres à l'hectare (t/ha) - Bois et écorce des branches incluant, pour les essences résineuses, la partie supérieure non marchande du tronc",,80030759196a9339cce427aa8756d4429e299c8b801dec0618a19d6eeae6cdc3
PET4,DENDRO_ARBRES,C_ARB_FE_HA,Carbone aérien des arbres à l'hectare (t/ha) - Feuillage,,80030759196a9339cce427aa8756d4429e299c8b801dec0618a19d6eeae6cdc3
PET4,DENDRO_ARBRES,C_ARB_SOUCHE_HA,Carbone aérien des arbres à l'hectare (ta/ha) - Bois et écorce de la souche,,80030759196a9339cce427aa8756d4429e299c8b801dec0618a19d6eeae6cdc3
PET4,DENDRO_ARBRES,C_ARB_TOT_HA,"Carbone aérien des arbres à l'hectare (t/ha) - Total toutes composantes (bois, écorce, branches et feuillage)",,80030759196a9339cce427aa8756d4429e299c8b801dec0618a19d6eeae6cdc3
PET4,CLASSI_ECO_PE,ID_PE,Identifiant unique de placette-échantillon,,80030759196a9339cce427aa8756d4429e299c8b801dec0618a19d6eeae6cdc3
PET4,CLASSI_ECO_PE,ZONE_VEG,Zone de végétation,Oui,80030759196a9339cce427aa8756d4429e299c8b801dec0618a19d6eeae6cdc3
PET4,CLASSI_ECO_PE,SZONE_VEG,Sous-zone de végétation,Oui,80030759196a9339cce427aa8756d4429e299c8b801dec0618a19d6eeae6cdc3
PET4,CLASSI_ECO_PE,DOM_BIO,Domaine bioclimatique,Oui,80030759196a9339cce427aa8756d4429e299c8b801dec0618a19d6eeae6cdc3
PET4,CLASSI_ECO_PE,SDOM_BIO,Sous-domaine bioclimatique,Oui,80030759196a9339cce427aa8756d4429e299c8b801dec0618a19d6eeae6cdc3
PET4,CLASSI_ECO_PE,REG_ECO,Région écologique,Oui,80030759196a9339cce427aa8756d4429e299c8b801dec0618a19d6eeae6cdc3
PET4,CLASSI_ECO_PE,SREG_ECO,Sous-région écologique,Oui,80030759196a9339cce427aa8756d4429e299c8b801dec0618a19d6eeae6cdc3
PET4,CLASSI_ECO_PE,UPAYS_REG,Unité de paysage régional,Oui,80030759196a9339cce427aa8756d4429e299c8b801dec0618a19d6eeae6cdc3
PET4,CLASSI_ECO_PE,DIS_ECO,District écologique,Oui,80030759196a9339cce427aa8756d4429e299c8b801dec0618a19d6eeae6cdc3
PET4,META_SOND,TYPE_TERRI,Type de périmètre du territoire d'intérêt,Oui,80030759196a9339cce427aa8756d4429e299c8b801dec0618a19d6eeae6cdc3
PET4,META_SOND,NO_TERRI,Numéro de référence du territoire d'intérêt utilisé selon le type de périmètre,,80030759196a9339cce427aa8756d4429e299c8b801dec0618a19d6eeae6cdc3
PET4,META_SOND,NOM_TERRI,Nom du territoire,,80030759196a9339cce427aa8756d4429e299c8b801dec0618a19d6eeae6cdc3
PET4,META_SOND,US_FOR,Unité de sondage de la carte écoforestière,,80030759196a9339cce427aa8756d4429e299c8b801dec0618a19d6eeae6cdc3
PET4,META_SOND,AN_SON_PE,Année de réalisation des placettes-échantillons,,80030759196a9339cce427aa8756d4429e299c8b801dec0618a19d6eeae6cdc3
PET4,META_SOND,MET_SOND,Méthode générale de définition du plan de sondage,Oui,80030759196a9339cce427aa8756d4429e299c8b801dec0618a19d6eeae6cdc3
PET4,META_SOND,SUP_FOR_US,Superficie forestière de l'unité de sondage calculée dans la projection conique équivalente d'Albers (ha),,80030759196a9339cce427aa8756d4429e299c8b801dec0618a19d6eeae6cdc3
PET4,META_SOND,SUP_SOND,Superficie sondée calculée dans la projection conique équivalente d'Albers (ha),,80030759196a9339cce427aa8756d4429e299c8b801dec0618a19d6eeae6cdc3
PET4,META_SOND,PET4_02,Nombre de PET du 4e inventaire établies dans des peuplements de moins de 2 mètres de hauteur dans l'unité de sondage,,80030759196a9339cce427aa8756d4429e299c8b801dec0618a19d6eeae6cdc3
PET4,META_SOND,PET4_27,Nombre de PET du 4e inventaire établies dans des peuplements de 2 à moins de 7 mètres de hauteur dans l'unité de sondage,,80030759196a9339cce427aa8756d4429e299c8b801dec0618a19d6eeae6cdc3
PET4,META_SOND,PET4_07,Nombre de PET du 4e inventaire établies dans des peuplements de moins de 7 mètres de hauteur dans l'unité de sondage,,80030759196a9339cce427aa8756d4429e299c8b801dec0618a19d6eeae6cdc3
PET4,META_SOND,PET4_7P,Nombre de PET du 4e inventaire établies dans des peuplements de 7 mètres et plus de hauteur dans l'unité de sondage,,80030759196a9339cce427aa8756d4429e299c8b801dec0618a19d6eeae6cdc3
PET4,META_SOND,PET4,Nombre total de PET du 4e inventaire établies dans l'unité de sondage,,80030759196a9339cce427aa8756d4429e299c8b801dec0618a19d6eeae6cdc3
PET4,META_SOND,PET4X_02,Nombre de PET du 4e inventaire établies dans des peuplements de moins de 2 mètres de hauteur qui ne font pas partie du plan de sondage de l'unité de sondage,,80030759196a9339cce427aa8756d4429e299c8b801dec0618a19d6eeae6cdc3
PET4,META_SOND,PET4X_24,Nombre de PET du 4e inventaire établies dans des peuplements de 2 à moins de 4 mètres de hauteur qui ne font pas partie du plan de sondage de l'unité de sondage,,80030759196a9339cce427aa8756d4429e299c8b801dec0618a19d6eeae6cdc3
PET4,META_SOND,PET4X_27,Nombre de PET du 4e inventaire établies dans des peuplements de 2 à moins de 7 mètres de hauteur qui ne font pas partie du plan de sondage de l'unité de sondage,,80030759196a9339cce427aa8756d4429e299c8b801dec0618a19d6eeae6cdc3
PET4,META_SOND,PET4X_47,Nombre de PET du 4e inventaire établies dans des peuplements de 4 à moins de 7 mètres de hauteur qui ne font pas partie du plan de sondage de l'unité de sondage,,80030759196a9339cce427aa8756d4429e299c8b801dec0618a19d6eeae6cdc3
PET4,META_SOND,PET4X_07,Nombre de PET du 4e inventaire établies dans des peuplements de moins de 7 mètres de hauteur qui ne font pas partie du plan de sondage de l'unité de sondage,,80030759196a9339cce427aa8756d4429e299c8b801dec0618a19d6eeae6cdc3
PET4,META_SOND,PET4X_7P,Nombre de PET du 4e inventaire établies dans des peuplements de plus de 7 mètres de hauteur qui ne font pas partie du plan de sondage de l'unité de sondage,,80030759196a9339cce427aa8756d4429e299c8b801dec0618a19d6eeae6cdc3
PET4,META_SOND,PET4X,Nombre total de PET hors plan de sondage du 4e inventaire établies dans l'unité de sondage,,80030759196a9339cce427aa8756d4429e299c8b801dec0618a19d6eeae6cdc3
PET4,META_SOND,RM_SOND_US,Remarques concernant le plan de sondage à l'échelle de l'unité de sondage,,80030759196a9339cce427aa8756d4429e299c8b801dec0618a19d6eeae6cdc3
PET4,META_NOTES_PE,ID_PE,Identifiant unique de placette-échantillon,,80030759196a9339cce427aa8756d4429e299c8b801dec0618a19d6eeae6cdc3
PET4,META_NOTES_PE,NOTES,Toutes notes jugées pertinentes par l'équipe terrain qui ne peut être saisie dans aucun autre attribut,,80030759196a9339cce427aa8756d4429e299c8b801dec0618a19d6eeae6cdc3
PET4,META_NOTES_PE,RM_SOND_PE,Remarques concernant le plan de sondage à l'échelle de la placette,,80030759196a9339cce427aa8756d4429e299c8b801dec0618a19d6eeae6cdc3
PET4,META_PRJ_PE,NO_PRJ,Numéro du projet à l'implantation de la placette,,80030759196a9339cce427aa8756d4429e299c8b801dec0618a19d6eeae6cdc3
PET4,META_PRJ_PE,AN_SOND,Année du sondage,,80030759196a9339cce427aa8756d4429e299c8b801dec0618a19d6eeae6cdc3
PET4,META_PRJ_PE,NOM_PRJ,Nom du projet de sondage,,80030759196a9339cce427aa8756d4429e299c8b801dec0618a19d6eeae6cdc3
PET4,META_PRJ_PE,ORGORIGINE,Organisme d'origine,Oui,80030759196a9339cce427aa8756d4429e299c8b801dec0618a19d6eeae6cdc3
PET4,META_PRJ_PE,NBRE_PE,Nombre total de PET,,80030759196a9339cce427aa8756d4429e299c8b801dec0618a19d6eeae6cdc3
PET4,M7M_PEE_ANTERIEUR,ID_PE,Identifiant unique de placette-échantillon,,80030759196a9339cce427aa8756d4429e299c8b801dec0618a19d6eeae6cdc3
PET4,M7M_PEE_ANTERIEUR,ORIGINE,Perturbation d'origine,Oui,80030759196a9339cce427aa8756d4429e299c8b801dec0618a19d6eeae6cdc3
PET4,M7M_PEE_ANTERIEUR,PERTURB,Perturbation partielle,Oui,80030759196a9339cce427aa8756d4429e299c8b801dec0618a19d6eeae6cdc3
PET4,M7M_PEE_ANTERIEUR,PART_STR,Particularité de la strate,Oui,80030759196a9339cce427aa8756d4429e299c8b801dec0618a19d6eeae6cdc3
PET4,M7M_PEE_ANTERIEUR,TYPE_COUV,Grand type de couvert,Oui,80030759196a9339cce427aa8756d4429e299c8b801dec0618a19d6eeae6cdc3
PET4,M7M_PEE_ANTERIEUR,GR_ESS,Groupement d'essences,Oui,80030759196a9339cce427aa8756d4429e299c8b801dec0618a19d6eeae6cdc3
PET4,M7M_PEE_ANTERIEUR,CL_DENS,Classe de densité,Oui,80030759196a9339cce427aa8756d4429e299c8b801dec0618a19d6eeae6cdc3
PET4,M7M_PEE_ANTERIEUR,CL_HAUT,Classe de hauteur,Oui,80030759196a9339cce427aa8756d4429e299c8b801dec0618a19d6eeae6cdc3
PET4,M7M_PEE_ANTERIEUR,CL_AGE,Classe d'âge,Oui,80030759196a9339cce427aa8756d4429e299c8b801dec0618a19d6eeae6cdc3
PET4,M7M_PEE_ANTERIEUR,STADE_DEV,Stade de développement d'un peuplement en vue de son exploitation,Oui,80030759196a9339cce427aa8756d4429e299c8b801dec0618a19d6eeae6cdc3
PET4,M7M_PEE_ANTERIEUR,CL_STRUCT,Distribution empirique des tiges d'un peuplement par classe de diamètre,Oui,80030759196a9339cce427aa8756d4429e299c8b801dec0618a19d6eeae6cdc3
PET4,M7M_PEE_ANTERIEUR,CO_TER,Code de terrain,Oui,80030759196a9339cce427aa8756d4429e299c8b801dec0618a19d6eeae6cdc3
PET4,M7M_PEE_ANTERIEUR,NO_PRG,Numéro de programme,Oui,80030759196a9339cce427aa8756d4429e299c8b801dec0618a19d6eeae6cdc3
PET4,M7M_RECOUV_RESID,ID_PE,Identifiant unique de placette-échantillon,,80030759196a9339cce427aa8756d4429e299c8b801dec0618a19d6eeae6cdc3
PET4,M7M_RECOUV_RESID,ESSENCE,Essence,Oui,80030759196a9339cce427aa8756d4429e299c8b801dec0618a19d6eeae6cdc3
PET4,M7M_RECOUV_RESID,PC_REC_ESS,Pourcentage de recouvrement de l'essence considérée comme peuplement résiduel,,80030759196a9339cce427aa8756d4429e299c8b801dec0618a19d6eeae6cdc3
PET4,M7M_RECOUV_NC,ID_PE,Identifiant unique de placette-échantillon,,80030759196a9339cce427aa8756d4429e299c8b801dec0618a19d6eeae6cdc3
PET4,M7M_RECOUV_NC,MICRO_PE,Numéro de la microplacette-échantillon,,80030759196a9339cce427aa8756d4429e299c8b801dec0618a19d6eeae6cdc3
PET4,M7M_RECOUV_NC,ESS_NC_1,Essence non commerciale étant la première en importance,Oui,80030759196a9339cce427aa8756d4429e299c8b801dec0618a19d6eeae6cdc3
PET4,M7M_RECOUV_NC,ESS_NC_2,Essence non commerciale étant la deuxième en importance,Oui,80030759196a9339cce427aa8756d4429e299c8b801dec0618a19d6eeae6cdc3
PET4,M7M_RECOUV_NC,ESS_NC_3,Essence non commerciale étant la troisième en importance,Oui,80030759196a9339cce427aa8756d4429e299c8b801dec0618a19d6eeae6cdc3
PET4,M7M_RECOUV_NC,PC_REC_TOT,"Pourcentage de recouvrement des semis, gaules ou des arbres d'essences non commerciales qui ont une hauteur égale ou supérieure à l'essence commerciale dominante en hauteur",,80030759196a9339cce427aa8756d4429e299c8b801dec0618a19d6eeae6cdc3
PET4,M7M_ESSENCE_DOMI,ID_PE,Identifiant unique de placette-échantillon,,80030759196a9339cce427aa8756d4429e299c8b801dec0618a19d6eeae6cdc3
PET4,M7M_ESSENCE_DOMI,MICRO_PE,Numéro de la microplacette-échantillon,,80030759196a9339cce427aa8756d4429e299c8b801dec0618a19d6eeae6cdc3
PET4,M7M_ESSENCE_DOMI,ESSENCE,Essence,Oui,80030759196a9339cce427aa8756d4429e299c8b801dec0618a19d6eeae6cdc3
PET4,M7M_DENS_TIGES,ID_PE,Identifiant unique de placette-échantillon,,80030759196a9339cce427aa8756d4429e299c8b801dec0618a19d6eeae6cdc3
PET4,M7M_DENS_TIGES,MICRO_PE,Numéro de la microplacette-échantillon,,80030759196a9339cce427aa8756d4429e299c8b801dec0618a19d6eeae6cdc3
PET4,M7M_DENS_TIGES,ESSENCE,Essence,Oui,80030759196a9339cce427aa8756d4429e299c8b801dec0618a19d6eeae6cdc3
PET4,M7M_DENS_TIGES,CL_TIGE,Classe de diamètre à hauteur de poitrine (cm) des gaules ou classe de hauteur des semis de l'essence dénombrée,Oui,80030759196a9339cce427aa8756d4429e299c8b801dec0618a19d6eeae6cdc3
PET4,M7M_DENS_TIGES,NB_TIGE,Nombre de tiges dénombrées avec les mêmes informations,,80030759196a9339cce427aa8756d4429e299c8b801dec0618a19d6eeae6cdc3
PET4,M7M_DENS_TIGES,IN_PRE_TIG,"Indicateur de présence de tiges dans les microplacettes-échantillons de 1.13, 1.69 ou 2.82",,80030759196a9339cce427aa8756d4429e299c8b801dec0618a19d6eeae6cdc3
PET4,M7M_DENS_TIGES,TIGE_HA,Nombre de tiges à l'hectare (tiges/ha),,80030759196a9339cce427aa8756d4429e299c8b801dec0618a19d6eeae6cdc3
PET4,M7M_DENS_TIGES,ST_HA,Surface terrière à l'hectare (m²/ha),,80030759196a9339cce427aa8756d4429e299c8b801dec0618a19d6eeae6cdc3
PET4,SPECIFIQUE_LONG_SAINE,ID_PE,Identifiant unique de placette-échantillon,,80030759196a9339cce427aa8756d4429e299c8b801dec0618a19d6eeae6cdc3
PET4,SPECIFIQUE_LONG_SAINE,NO_ARBRE,Numéro d'arbre,,80030759196a9339cce427aa8756d4429e299c8b801dec0618a19d6eeae6cdc3
PET4,SPECIFIQUE_LONG_SAINE,ID_ARBRE,Identifiant de l'arbre,,80030759196a9339cce427aa8756d4429e299c8b801dec0618a19d6eeae6cdc3
PET4,SPECIFIQUE_LONG_SAINE,MET_SELEC,Méthode de sélection de l'arbre-étude,Oui,80030759196a9339cce427aa8756d4429e299c8b801dec0618a19d6eeae6cdc3
PET4,SPECIFIQUE_LONG_SAINE,ESSENCE,Essence,Oui,80030759196a9339cce427aa8756d4429e299c8b801dec0618a19d6eeae6cdc3
PET4,SPECIFIQUE_LONG_SAINE,CL_DEFOL,Classe de défoliation,Oui,80030759196a9339cce427aa8756d4429e299c8b801dec0618a19d6eeae6cdc3
PET4,SPECIFIQUE_LONG_SAINE,CL_QUAL,Classe de qualité,Oui,80030759196a9339cce427aa8756d4429e299c8b801dec0618a19d6eeae6cdc3
PET4,SPECIFIQUE_LONG_SAINE,ETAGE_ARB,Étage de l'arbre par rapport aux autres arbres du peuplement,Oui,80030759196a9339cce427aa8756d4429e299c8b801dec0618a19d6eeae6cdc3
PET4,SPECIFIQUE_LONG_SAINE,ENSOLEIL,Classe d'ensoleillement,Oui,80030759196a9339cce427aa8756d4429e299c8b801dec0618a19d6eeae6cdc3
PET4,SPECIFIQUE_LONG_SAINE,DHP,Diamètre à hauteur de poitrine (mm),,80030759196a9339cce427aa8756d4429e299c8b801dec0618a19d6eeae6cdc3
PET4,SPECIFIQUE_LONG_SAINE,HAUT_ARBRE,Hauteur de l'arbre (dm),,80030759196a9339cce427aa8756d4429e299c8b801dec0618a19d6eeae6cdc3
PET4,SPECIFIQUE_LONG_SAINE,HTBOISOEUV,Hauteur bois d'oeuvre (dm),,80030759196a9339cce427aa8756d4429e299c8b801dec0618a19d6eeae6cdc3
PET4,SPECIFIQUE_LONG_SAINE,NIVLECTAGE,Niveau de lecture de l'âge (cm),Oui,80030759196a9339cce427aa8756d4429e299c8b801dec0618a19d6eeae6cdc3
PET4,SPECIFIQUE_LONG_SAINE,SOURCE_AGE,Source de l'âge,Oui,80030759196a9339cce427aa8756d4429e299c8b801dec0618a19d6eeae6cdc3
PET4,SPECIFIQUE_LONG_SAINE,LONG_SAINE,Longueur de la partie saine de la carotte cariée (mm),,80030759196a9339cce427aa8756d4429e299c8b801dec0618a19d6eeae6cdc3
PET4,SPECIFIQUE_EPAIS_ECOR,ID_PE,Identifiant unique de placette-échantillon,,80030759196a9339cce427aa8756d4429e299c8b801dec0618a19d6eeae6cdc3
PET4,SPECIFIQUE_EPAIS_ECOR,NO_ARBRE,Numéro d'arbre,,80030759196a9339cce427aa8756d4429e299c8b801dec0618a19d6eeae6cdc3
PET4,SPECIFIQUE_EPAIS_ECOR,ID_ARBRE,Identifiant de l'arbre,,80030759196a9339cce427aa8756d4429e299c8b801dec0618a19d6eeae6cdc3
PET4,SPECIFIQUE_EPAIS_ECOR,MET_SELEC,Méthode de sélection de l'arbre-étude,Oui,80030759196a9339cce427aa8756d4429e299c8b801dec0618a19d6eeae6cdc3
PET4,SPECIFIQUE_EPAIS_ECOR,ESSENCE,Essence,Oui,80030759196a9339cce427aa8756d4429e299c8b801dec0618a19d6eeae6cdc3
PET4,SPECIFIQUE_EPAIS_ECOR,CL_DEFOL,Classe de défoliation,Oui,80030759196a9339cce427aa8756d4429e299c8b801dec0618a19d6eeae6cdc3
PET4,SPECIFIQUE_EPAIS_ECOR,CL_QUAL,Classe de qualité,Oui,80030759196a9339cce427aa8756d4429e299c8b801dec0618a19d6eeae6cdc3
PET4,SPECIFIQUE_EPAIS_ECOR,ETAGE_ARB,Étage de l'arbre par rapport aux autres arbres du peuplement,Oui,80030759196a9339cce427aa8756d4429e299c8b801dec0618a19d6eeae6cdc3
PET4,SPECIFIQUE_EPAIS_ECOR,ENSOLEIL,Classe d'ensoleillement,Oui,80030759196a9339cce427aa8756d4429e299c8b801dec0618a19d6eeae6cdc3
PET4,SPECIFIQUE_EPAIS_ECOR,DHP,Diamètre à hauteur de poitrine (mm),,80030759196a9339cce427aa8756d4429e299c8b801dec0618a19d6eeae6cdc3
PET4,SPECIFIQUE_EPAIS_ECOR,HAUT_ARBRE,Hauteur de l'arbre (dm),,80030759196a9339cce427aa8756d4429e299c8b801dec0618a19d6eeae6cdc3
PET4,SPECIFIQUE_EPAIS_ECOR,HTBOISOEUV,Hauteur bois d'oeuvre (dm),,80030759196a9339cce427aa8756d4429e299c8b801dec0618a19d6eeae6cdc3
PET4,SPECIFIQUE_EPAIS_ECOR,NIVLECTAGE,Niveau de lecture de l'âge (cm),Oui,80030759196a9339cce427aa8756d4429e299c8b801dec0618a19d6eeae6cdc3
PET4,SPECIFIQUE_EPAIS_ECOR,AGE,Âge,,80030759196a9339cce427aa8756d4429e299c8b801dec0618a19d6eeae6cdc3
PET4,SPECIFIQUE_EPAIS_ECOR,AGE_SANSOP,Âge sans période d'oppression,,80030759196a9339cce427aa8756d4429e299c8b801dec0618a19d6eeae6cdc3
PET4,SPECIFIQUE_EPAIS_ECOR,SOURCE_AGE,Source de l'âge,Oui,80030759196a9339cce427aa8756d4429e299c8b801dec0618a19d6eeae6cdc3
PET4,SPECIFIQUE_EPAIS_ECOR,CAR_AUTFEU,Indicateur de récolte de carotte pour autres feuillus,Oui,80030759196a9339cce427aa8756d4429e299c8b801dec0618a19d6eeae6cdc3
PET4,SPECIFIQUE_EPAIS_ECOR,LONG_RAYON,Longueur du rayon (mm),,80030759196a9339cce427aa8756d4429e299c8b801dec0618a19d6eeae6cdc3
PET4,SPECIFIQUE_EPAIS_ECOR,LONG_10,Longueur des 10 dernières années (mm),,80030759196a9339cce427aa8756d4429e299c8b801dec0618a19d6eeae6cdc3
PET4,SPECIFIQUE_EPAIS_ECOR,NB_SANS_OP,Nombre de cernes sans oppression,,80030759196a9339cce427aa8756d4429e299c8b801dec0618a19d6eeae6cdc3
PET4,SPECIFIQUE_EPAIS_ECOR,NB_EQUI_OP,Nombre de cernes équivalent à l'oppression,,80030759196a9339cce427aa8756d4429e299c8b801dec0618a19d6eeae6cdc3
PET4,SPECIFIQUE_EPAIS_ECOR,EPAIS_ECOR,Épaisseur de l'écorce (mm),,80030759196a9339cce427aa8756d4429e299c8b801dec0618a19d6eeae6cdc3
PET5,PLACETTE,NO_PRG,Numéro de programme,Oui,80030759196a9339cce427aa8756d4429e299c8b801dec0618a19d6eeae6cdc3
PET5,PLACETTE,NO_PRJ,Numéro du projet à l'implantation de la placette,,80030759196a9339cce427aa8756d4429e299c8b801dec0618a19d6eeae6cdc3
PET5,PLACETTE,NO_VIREE,Numéro de la virée,,80030759196a9339cce427aa8756d4429e299c8b801dec0618a19d6eeae6cdc3
PET5,PLACETTE,NO_PE,Numéro de la placette-échantillon,,80030759196a9339cce427aa8756d4429e299c8b801dec0618a19d6eeae6cdc3
PET5,PLACETTE,ID_PE,Identifiant unique de placette-échantillon,,80030759196a9339cce427aa8756d4429e299c8b801dec0618a19d6eeae6cdc3
PET5,PLACETTE,US_FOR,Unité de sondage de la carte écoforestière,,80030759196a9339cce427aa8756d4429e299c8b801dec0618a19d6eeae6cdc3
PET5,PLACETTE,TYPE_US,Type de l'unité de sondage,,80030759196a9339cce427aa8756d4429e299c8b801dec0618a19d6eeae6cdc3
PET5,PLACETTE,TYPE_PE,Type de placette-échantillon,,80030759196a9339cce427aa8756d4429e299c8b801dec0618a19d6eeae6cdc3
PET5,PLACETTE,VERSION,Version de type de placette-échantillon,,80030759196a9339cce427aa8756d4429e299c8b801dec0618a19d6eeae6cdc3
PET5,PLACETTE,FORME,Forme de la placette-échantillon,Oui,80030759196a9339cce427aa8756d4429e299c8b801dec0618a19d6eeae6cdc3
PET5,PLACETTE,DIMENSION,Dimension de la placette-échantillon,Oui,80030759196a9339cce427aa8756d4429e299c8b801dec0618a19d6eeae6cdc3
PET5,PLACETTE,FEUILLET,Numéro du feuillet cartographique,,80030759196a9339cce427aa8756d4429e299c8b801dec0618a19d6eeae6cdc3
PET5,PLACETTE,LATITUDE,Latitude,,80030759196a9339cce427aa8756d4429e299c8b801dec0618a19d6eeae6cdc3
PET5,PLACETTE,LONGITUDE,Longitude,,80030759196a9339cce427aa8756d4429e299c8b801dec0618a19d6eeae6cdc3
PET5,PLACETTE,DATE_SOND,Date du sondage,,80030759196a9339cce427aa8756d4429e299c8b801dec0618a19d6eeae6cdc3
PET5,PLAN_DESCR_TYPE_PE,TYPE_PE,Type de placette-échantillon,,80030759196a9339cce427aa8756d4429e299c8b801dec0618a19d6eeae6cdc3
PET5,PLAN_DESCR_TYPE_PE,FORME,Forme de la placette-échantillon,Oui,80030759196a9339cce427aa8756d4429e299c8b801dec0618a19d6eeae6cdc3
PET5,PLAN_DESCR_TYPE_PE,DESC_FORME,Description de la forme,,80030759196a9339cce427aa8756d4429e299c8b801dec0618a19d6eeae6cdc3
PET5,PLAN_DESCR_TYPE_PE,DIMENSION,Dimension de la placette-échantillon,Oui,80030759196a9339cce427aa8756d4429e299c8b801dec0618a19d6eeae6cdc3
PET5,PLAN_DESCR_TYPE_PE,RAYON,"Rayon de la placette-échantillon, de la sous-placette ou de la micro-placette implantée",,80030759196a9339cce427aa8756d4429e299c8b801dec0618a19d6eeae6cdc3
PET5,PLAN_DESCR_TYPE_PE,LARGEUR,"Largeur de la placette-échantillon, de la sous-placette ou de la micro-placette implantée",,80030759196a9339cce427aa8756d4429e299c8b801dec0618a19d6eeae6cdc3
PET5,PLAN_DESCR_TYPE_PE,LONGUEUR,"Longueur de la placette-échantillon, de la sous-placette ou de la micro-placette implantée",,80030759196a9339cce427aa8756d4429e299c8b801dec0618a19d6eeae6cdc3
PET5,PLAN_DESCR_TYPE_PE,NOMBRE,"Nombre de placette-échantillon, de sous-placette ou de micro-placette implantée",,80030759196a9339cce427aa8756d4429e299c8b801dec0618a19d6eeae6cdc3
PET5,PLAN_DESCR_TYPE_PE,SUPERFICIE,"Superficie de la placette-échantillon, de la sous-placette ou de la micro-placette implantée (m²)",,80030759196a9339cce427aa8756d4429e299c8b801dec0618a19d6eeae6cdc3
PET5,PLAN_DESCR_TYPE_PE,FACTEXP_PE,"Composante du facteur d'expansion liée à la superficie de la placette-échantillon, de la sous-placette ou de la micro-placette implantée (PE/ha)",,80030759196a9339cce427aa8756d4429e299c8b801dec0618a19d6eeae6cdc3
PET5,PLAN_DESCR_TYPE_PE,MET_EVAL,Méthode d'évaluation,,80030759196a9339cce427aa8756d4429e299c8b801dec0618a19d6eeae6cdc3
PET5,PLAN_DESCR_TYPE_PE,IN_DNB,Indicateur d'une évaluation par un dénombrement,,80030759196a9339cce427aa8756d4429e299c8b801dec0618a19d6eeae6cdc3
PET5,PLAN_DESCR_TYPE_PE,IN_DNB_CL,Indicateur d'une évaluation par un dénombrement par classe (classes de hauteur semis et classes de DHP),,80030759196a9339cce427aa8756d4429e299c8b801dec0618a19d6eeae6cdc3
PET5,PLAN_DESCR_TYPE_PE,IN_DNB_HT,Indicateur d'une évaluation par un dénombrement par classe de hauteur,,80030759196a9339cce427aa8756d4429e299c8b801dec0618a19d6eeae6cdc3
PET5,PLAN_DESCR_TYPE_PE,IN_PRE,Indicateur d'une évaluation par la présence,,80030759196a9339cce427aa8756d4429e299c8b801dec0618a19d6eeae6cdc3
PET5,PLAN_DESCR_TYPE_PE,IN_PRE_CL,Indicateur d'une évaluation par la présence par classe (classes de hauteur semis et classes de DHP),,80030759196a9339cce427aa8756d4429e299c8b801dec0618a19d6eeae6cdc3
PET5,PLAN_DESCR_TYPE_PE,IN_PRE_ET,Indicateur d'une évaluation par la présence selon l'étage,,80030759196a9339cce427aa8756d4429e299c8b801dec0618a19d6eeae6cdc3
PET5,PLAN_DESCR_TYPE_PE,IN_REC,Indicateur d'une évaluation par une estimation du recouvrement,,80030759196a9339cce427aa8756d4429e299c8b801dec0618a19d6eeae6cdc3
PET5,PLAN_DESCR_TYPE_PE,IN_REC_ET,Indicateur d'une évaluation par une estimation du recouvrement selon l'étage,,80030759196a9339cce427aa8756d4429e299c8b801dec0618a19d6eeae6cdc3
PET5,PLAN_DESCR_TYPE_PE,DESCR_CDT,Description des conditions de l'évaluation,,80030759196a9339cce427aa8756d4429e299c8b801dec0618a19d6eeae6cdc3
PET5,PLAN_DESCR_TYPE_PE,IN_PEP_1,Indicateur d'évaluation dans la première placette-échantillon permanente d'une virée,,80030759196a9339cce427aa8756d4429e299c8b801dec0618a19d6eeae6cdc3
PET5,PLAN_DESCR_TYPE_PE,IN_PEP_2,Indicateur d'évaluation dans la deuxième placette-échantillon permanente d'une virée,,80030759196a9339cce427aa8756d4429e299c8b801dec0618a19d6eeae6cdc3
PET5,PLAN_DESCR_TYPE_PE,IN_MPAIR,Indicateur d'évaluation dans les micro-placettes ayant un numéro pair,,80030759196a9339cce427aa8756d4429e299c8b801dec0618a19d6eeae6cdc3
PET5,PLAN_DESCR_TYPE_PE,IN_MIMPAIR,Indicateur d'évaluation dans les micro-placettes ayant un numéro impair,,80030759196a9339cce427aa8756d4429e299c8b801dec0618a19d6eeae6cdc3
PET5,PLAN_DESCR_TYPE_PE,IN_TIGES,Indicateur d'évaluation des tiges marchandes,,80030759196a9339cce427aa8756d4429e299c8b801dec0618a19d6eeae6cdc3
PET5,PLAN_DESCR_TYPE_PE,IN_DHP_32M,Indicateur d'évaluation des tiges ayant un DHP inférieur à 32 cm,,80030759196a9339cce427aa8756d4429e299c8b801dec0618a19d6eeae6cdc3
PET5,PLAN_DESCR_TYPE_PE,IN_DHP_32P,Indicateur d'évaluation des tiges ayant un DHP équivalent ou supérieur à 32 cm,,80030759196a9339cce427aa8756d4429e299c8b801dec0618a19d6eeae6cdc3
PET5,PLAN_DESCR_TYPE_PE,IN_GAULES,Indicateur d'évaluation des gaules,,80030759196a9339cce427aa8756d4429e299c8b801dec0618a19d6eeae6cdc3
PET5,PLAN_DESCR_TYPE_PE,IN_SEMIS,Indicateur d'évaluation des semis,,80030759196a9339cce427aa8756d4429e299c8b801dec0618a19d6eeae6cdc3
PET5,PLAN_DESCR_TYPE_PE,IN_ESS_C,Indicateur d'évaluation des essences commerciales,,80030759196a9339cce427aa8756d4429e299c8b801dec0618a19d6eeae6cdc3
PET5,PLAN_DESCR_TYPE_PE,IN_ESS_NC,Indicateur d'évaluation des essences non-commerciales,,80030759196a9339cce427aa8756d4429e299c8b801dec0618a19d6eeae6cdc3
PET5,PLAN_DESCR_TYPE_PE,IN_ESS_FEU,Indicateur d'évaluation des essences feuillues,,80030759196a9339cce427aa8756d4429e299c8b801dec0618a19d6eeae6cdc3
PET5,PLAN_DESCR_TYPE_PE,IN_ESS_RES,Indicateur d'évaluation des essences résineuses,,80030759196a9339cce427aa8756d4429e299c8b801dec0618a19d6eeae6cdc3
PET5,PLAN_DESCR_TYPE_PE,IN_SEPM,"Indicateur d'évaluation du sapin, des épinettes, du pin gris et des mélèzes",,80030759196a9339cce427aa8756d4429e299c8b801dec0618a19d6eeae6cdc3
PET5,PLAN_DESCR_TYPE_PE,IN_FI,Indicateur d'évaluation des feuillus intolérants,,80030759196a9339cce427aa8756d4429e299c8b801dec0618a19d6eeae6cdc3
PET5,PLAN_DESCR_TYPE_PE,IN_AUT,Indicateur d'évaluation des essences commerciales n'étant pas incluses dans les groupes SEPM et FI,,80030759196a9339cce427aa8756d4429e299c8b801dec0618a19d6eeae6cdc3
PET5,PLAN_DESCR_TYPE_PE,IN_ET_CODO,Indicateur d'évaluation des tiges présentes dans l'étage des co-dominants,,80030759196a9339cce427aa8756d4429e299c8b801dec0618a19d6eeae6cdc3
PET5,PLAN_DESCR_TYPE_PE,IN_ET_DOMI,Indicateur d'évaluation des tiges présentes dans l'étage des dominants,,80030759196a9339cce427aa8756d4429e299c8b801dec0618a19d6eeae6cdc3
PET5,PLAN_DESCR_TYPE_PE,IN_ET_OP,Indicateur d'évaluation des tiges présentes dans l'étage des opprimées,,80030759196a9339cce427aa8756d4429e299c8b801dec0618a19d6eeae6cdc3
PET5,PLAN_DESCR_TYPE_PE,IN_ET_VET,Indicateur d'évaluation des tiges présentes dans l'étage des vétérans,,80030759196a9339cce427aa8756d4429e299c8b801dec0618a19d6eeae6cdc3
PET5,PLAN_USF5,TYPE_TERRI,Type de périmètre du territoire d'intérêt,Oui,80030759196a9339cce427aa8756d4429e299c8b801dec0618a19d6eeae6cdc3
PET5,PLAN_USF5,NO_TERRI,Numéro de référence du territoire d'intérêt utilisé selon le type de périmètre,,80030759196a9339cce427aa8756d4429e299c8b801dec0618a19d6eeae6cdc3
PET5,PLAN_USF5,NOM_TERRI,Nom du territoire,,80030759196a9339cce427aa8756d4429e299c8b801dec0618a19d6eeae6cdc3
PET5,PLAN_USF5,TENURE,Tenure,Oui,80030759196a9339cce427aa8756d4429e299c8b801dec0618a19d6eeae6cdc3
PET5,PLAN_USF5,US_FOR,Unité de sondage de la carte écoforestière,,80030759196a9339cce427aa8756d4429e299c8b801dec0618a19d6eeae6cdc3
PET5,PLAN_USF5,NOM_US_FOR,Nom de l'unité de sondage de la carte écoforestière,,80030759196a9339cce427aa8756d4429e299c8b801dec0618a19d6eeae6cdc3
PET5,PLAN_USF5,MODE_GEST,Mode de gestion,Oui,80030759196a9339cce427aa8756d4429e299c8b801dec0618a19d6eeae6cdc3
PET5,PLAN_USF5,SUPERFICIE,Superficie calculée dans la projection conique équivalente d'Albers (ha),,80030759196a9339cce427aa8756d4429e299c8b801dec0618a19d6eeae6cdc3
PET5,PLAN_ECHAN,US_FOR,Unité de sondage de la carte écoforestière,,80030759196a9339cce427aa8756d4429e299c8b801dec0618a19d6eeae6cdc3
PET5,PLAN_ECHAN,STR_ECHAN,Strate d'échantillonnage des peuplements écoforestiers,,80030759196a9339cce427aa8756d4429e299c8b801dec0618a19d6eeae6cdc3
PET5,PLAN_ECHAN,SUP_STRATE,Superficie calculée dans la projection conique équivalente d'Albers de la strate d'échantillonnage (ha),,80030759196a9339cce427aa8756d4429e299c8b801dec0618a19d6eeae6cdc3
PET5,PLAN_ECHAN,NB_PET,Nombre de placettes-échantillons temporaires implantées dans les peuplements de la strate,,80030759196a9339cce427aa8756d4429e299c8b801dec0618a19d6eeae6cdc3
PET5,PLAN_COMPOSANTE_FACTEXP_STR,ID_PE,Identifiant unique de placette-échantillon,,80030759196a9339cce427aa8756d4429e299c8b801dec0618a19d6eeae6cdc3
PET5,PLAN_COMPOSANTE_FACTEXP_STR,US_FOR,Unité de sondage de la carte écoforestière,,80030759196a9339cce427aa8756d4429e299c8b801dec0618a19d6eeae6cdc3
PET5,PLAN_COMPOSANTE_FACTEXP_STR,STR_ECHAN,Strate d'échantillonnage des peuplements écoforestiers,,80030759196a9339cce427aa8756d4429e299c8b801dec0618a19d6eeae6cdc3
PET5,PLAN_COMPOSANTE_FACTEXP_STR,FACTEXPSTR,Composante du facteur d'expansion découlant de la superficie et du nombre de placettes-échantillons dans la strate d'échantillonnage,,80030759196a9339cce427aa8756d4429e299c8b801dec0618a19d6eeae6cdc3
PET5,PLAN_PEE_STRATE,GEOCODE,Coordonnées métriques en X et Y d'un point situé à l'intérieur du polygone,,80030759196a9339cce427aa8756d4429e299c8b801dec0618a19d6eeae6cdc3
PET5,PLAN_PEE_STRATE,SUPERFICIE,Somme des superficies associées aux placettes potentielles mesurables du plan de sondage dans le peuplement écoforestier (ha),,80030759196a9339cce427aa8756d4429e299c8b801dec0618a19d6eeae6cdc3
PET5,PLAN_PEE_STRATE,US_FOR,Unité de sondage de la carte écoforestière,,80030759196a9339cce427aa8756d4429e299c8b801dec0618a19d6eeae6cdc3
PET5,PLAN_PEE_STRATE,STR_ECHAN,Strate d'échantillonnage des peuplements écoforestiers,,80030759196a9339cce427aa8756d4429e299c8b801dec0618a19d6eeae6cdc3
PET5,PEE_ORI_SOND,ID_PE,Identifiant unique de placette-échantillon,,80030759196a9339cce427aa8756d4429e299c8b801dec0618a19d6eeae6cdc3
PET5,PEE_ORI_SOND,GEOCODE,Coordonnées métriques en X et Y d'un point situé à l'intérieur du polygone,,80030759196a9339cce427aa8756d4429e299c8b801dec0618a19d6eeae6cdc3
PET5,PEE_ORI_SOND,ORIGINE,Perturbation d'origine,Oui,80030759196a9339cce427aa8756d4429e299c8b801dec0618a19d6eeae6cdc3
PET5,PEE_ORI_SOND,AN_ORIGINE,Année de la perturbation d'origine,,80030759196a9339cce427aa8756d4429e299c8b801dec0618a19d6eeae6cdc3
PET5,PEE_ORI_SOND,PERTURB,Perturbation partielle,Oui,80030759196a9339cce427aa8756d4429e299c8b801dec0618a19d6eeae6cdc3
PET5,PEE_ORI_SOND,AN_PERTURB,Année de la perturbation partielle,,80030759196a9339cce427aa8756d4429e299c8b801dec0618a19d6eeae6cdc3
PET5,PEE_ORI_SOND,REB_ESS1,Essence reboisée 1,Oui,80030759196a9339cce427aa8756d4429e299c8b801dec0618a19d6eeae6cdc3
PET5,PEE_ORI_SOND,REB_ESS2,Essence reboisée 2,Oui,80030759196a9339cce427aa8756d4429e299c8b801dec0618a19d6eeae6cdc3
PET5,PEE_ORI_SOND,REB_ESS3,Essence reboisée 3,Oui,80030759196a9339cce427aa8756d4429e299c8b801dec0618a19d6eeae6cdc3
PET5,PEE_ORI_SOND,ET_DOMI,Étage dominant en surface terrière,,80030759196a9339cce427aa8756d4429e299c8b801dec0618a19d6eeae6cdc3
PET5,PEE_ORI_SOND,PART_STR,Particularité du peuplement ou de la strate,Oui,80030759196a9339cce427aa8756d4429e299c8b801dec0618a19d6eeae6cdc3
PET5,PEE_ORI_SOND,TYPE_COUV,Grand type de couvert,Oui,80030759196a9339cce427aa8756d4429e299c8b801dec0618a19d6eeae6cdc3
PET5,PEE_ORI_SOND,GR_ESS,Groupement d'essences,Oui,80030759196a9339cce427aa8756d4429e299c8b801dec0618a19d6eeae6cdc3
PET5,PEE_ORI_SOND,CL_DENS,Classe de densité,Oui,80030759196a9339cce427aa8756d4429e299c8b801dec0618a19d6eeae6cdc3
PET5,PEE_ORI_SOND,CL_HAUT,Classe de hauteur,Oui,80030759196a9339cce427aa8756d4429e299c8b801dec0618a19d6eeae6cdc3
PET5,PEE_ORI_SOND,CL_AGE,Classe d'âge,Oui,80030759196a9339cce427aa8756d4429e299c8b801dec0618a19d6eeae6cdc3
PET5,PEE_ORI_SOND,ETAGEMENT,Étagement du peuplement,Oui,80030759196a9339cce427aa8756d4429e299c8b801dec0618a19d6eeae6cdc3
PET5,PEE_ORI_SOND,COUV_GAULE,Type de couvert et classe de pourcentage des gaules,,80030759196a9339cce427aa8756d4429e299c8b801dec0618a19d6eeae6cdc3
PET5,PEE_ORI_SOND,CL_PENT,Classe de pente,Oui,80030759196a9339cce427aa8756d4429e299c8b801dec0618a19d6eeae6cdc3
PET5,PEE_ORI_SOND,DEP_SUR,Dépôt de surface,Oui,80030759196a9339cce427aa8756d4429e299c8b801dec0618a19d6eeae6cdc3
PET5,PEE_ORI_SOND,CL_DRAI,Classe de drainage,Oui,80030759196a9339cce427aa8756d4429e299c8b801dec0618a19d6eeae6cdc3
PET5,PEE_ORI_SOND,TYPE_ECO,Type écologique,Oui,80030759196a9339cce427aa8756d4429e299c8b801dec0618a19d6eeae6cdc3
PET5,PEE_ORI_SOND,CO_TER,Code de terrain,Oui,80030759196a9339cce427aa8756d4429e299c8b801dec0618a19d6eeae6cdc3
PET5,PEE_ORI_SOND,TYPE_TER,Type de terrain,Oui,80030759196a9339cce427aa8756d4429e299c8b801dec0618a19d6eeae6cdc3
PET5,PEE_ORI_SOND,AN_PRO_ORI,Année du produit source de la photo-interprétation originale,,80030759196a9339cce427aa8756d4429e299c8b801dec0618a19d6eeae6cdc3
PET5,PEE_ORI_SOND,STRATE,Strate cartographique,,80030759196a9339cce427aa8756d4429e299c8b801dec0618a19d6eeae6cdc3
PET5,PEE_ORI_SOND,ETAT_STR,État de la strate cartographique,Oui,80030759196a9339cce427aa8756d4429e299c8b801dec0618a19d6eeae6cdc3
PET5,PEE_ORI_SOND,OR_STRATE,Identification d'où provient la donnée cartographique pour la diffusion correspondant à la carte,,80030759196a9339cce427aa8756d4429e299c8b801dec0618a19d6eeae6cdc3
PET5,PEE_ORI_SOND,NO_PRG,Numéro de programme,Oui,80030759196a9339cce427aa8756d4429e299c8b801dec0618a19d6eeae6cdc3
PET5,PEE_ORI_SOND,IN_ETAGE,Indicateur de présence de variables dendrométriques photointerpretées détaillées par étages des peuplements,,80030759196a9339cce427aa8756d4429e299c8b801dec0618a19d6eeae6cdc3
PET5,PEE_ORI_SOND,IN_ESSENCE,Indicateur de présence d'une composition en essences détaillées,,80030759196a9339cce427aa8756d4429e299c8b801dec0618a19d6eeae6cdc3
PET5,PEE_ETAGE_ORI_SOND,ID_PE,Identifiant unique de placette-échantillon,,80030759196a9339cce427aa8756d4429e299c8b801dec0618a19d6eeae6cdc3
PET5,PEE_ETAGE_ORI_SOND,GEOCODE,Coordonnées métriques en X et Y d'un point situé à l'intérieur du polygone,,80030759196a9339cce427aa8756d4429e299c8b801dec0618a19d6eeae6cdc3
PET5,PEE_ETAGE_ORI_SOND,ETAGE,Étage caractérisé,,80030759196a9339cce427aa8756d4429e299c8b801dec0618a19d6eeae6cdc3
PET5,PEE_ETAGE_ORI_SOND,TY_COUV_ET,Type de couvert,Oui,80030759196a9339cce427aa8756d4429e299c8b801dec0618a19d6eeae6cdc3
PET5,PEE_ETAGE_ORI_SOND,DENSITE,Densité du couvert forestier (%),Oui,80030759196a9339cce427aa8756d4429e299c8b801dec0618a19d6eeae6cdc3
PET5,PEE_ETAGE_ORI_SOND,HAUTEUR,Hauteur (m),Oui,80030759196a9339cce427aa8756d4429e299c8b801dec0618a19d6eeae6cdc3
PET5,PEE_ETAGE_ORI_SOND,CL_AGE_ET,Classe d'âge,Oui,80030759196a9339cce427aa8756d4429e299c8b801dec0618a19d6eeae6cdc3
PET5,PEE_ETAGE_ORI_SOND,ETA_ESS_PC,Concaténation des essences et de leur proportion de la surface terrière totale qu'elles occupent,,80030759196a9339cce427aa8756d4429e299c8b801dec0618a19d6eeae6cdc3
PET5,PEE_ESSENCE_ORI_SOND,ID_PE,Identifiant unique de placette-échantillon,,80030759196a9339cce427aa8756d4429e299c8b801dec0618a19d6eeae6cdc3
PET5,PEE_ESSENCE_ORI_SOND,GEOCODE,Coordonnées métriques en X et Y d'un point situé à l'intérieur du polygone,,80030759196a9339cce427aa8756d4429e299c8b801dec0618a19d6eeae6cdc3
PET5,PEE_ESSENCE_ORI_SOND,ETAGE,Étage caractérisé,,80030759196a9339cce427aa8756d4429e299c8b801dec0618a19d6eeae6cdc3
PET5,PEE_ESSENCE_ORI_SOND,ESSENCE,Essence individuelle ou groupe d’essences,Oui,80030759196a9339cce427aa8756d4429e299c8b801dec0618a19d6eeae6cdc3
PET5,PEE_ESSENCE_ORI_SOND,ST_ESS_PC,Surface terrière relative occupée par l'essence ou le groupe d’essences (%),,80030759196a9339cce427aa8756d4429e299c8b801dec0618a19d6eeae6cdc3
PET5,STATION_PE,ID_PE,Identifiant unique de placette-échantillon,,80030759196a9339cce427aa8756d4429e299c8b801dec0618a19d6eeae6cdc3
PET5,STATION_PE,ORIGINE,Perturbation d'origine,Oui,80030759196a9339cce427aa8756d4429e299c8b801dec0618a19d6eeae6cdc3
PET5,STATION_PE,DEP_SUR,Dépôt de surface,Oui,80030759196a9339cce427aa8756d4429e299c8b801dec0618a19d6eeae6cdc3
PET5,STATION_PE,CL_DRAI,Classe de drainage,Oui,80030759196a9339cce427aa8756d4429e299c8b801dec0618a19d6eeae6cdc3
PET5,STATION_PE,VEG_POT,Végétation potentielle,Oui,80030759196a9339cce427aa8756d4429e299c8b801dec0618a19d6eeae6cdc3
PET5,STATION_PE,TYPE_ECO,Type écologique,Oui,80030759196a9339cce427aa8756d4429e299c8b801dec0618a19d6eeae6cdc3
PET5,STATION_PE,CO_TER,Code de terrain,Oui,80030759196a9339cce427aa8756d4429e299c8b801dec0618a19d6eeae6cdc3
PET5,STATION_PE,NATURE_DEP,Nature du dépôt,,80030759196a9339cce427aa8756d4429e299c8b801dec0618a19d6eeae6cdc3
PET5,STATION_PE,TEXT_SYNTH,Texture synthèse,,80030759196a9339cce427aa8756d4429e299c8b801dec0618a19d6eeae6cdc3
PET5,STATION_PE,DRAI_SYNTH,Drainage synthèse,,80030759196a9339cce427aa8756d4429e299c8b801dec0618a19d6eeae6cdc3
PET5,STATION_PE,PART_MPHYS,Particularité du milieu physique,Oui,80030759196a9339cce427aa8756d4429e299c8b801dec0618a19d6eeae6cdc3
PET5,STATION_PE,GUIDE_ECO,Guide de reconnaissance des types écologiques considéré,,80030759196a9339cce427aa8756d4429e299c8b801dec0618a19d6eeae6cdc3
PET5,STATION_PE,PHYS_COUV,Physionomie du couvert,Oui,80030759196a9339cce427aa8756d4429e299c8b801dec0618a19d6eeae6cdc3
PET5,STATION_PE,COUV_ARBO1,Première essence du couvert arborescent,Oui,80030759196a9339cce427aa8756d4429e299c8b801dec0618a19d6eeae6cdc3
PET5,STATION_PE,COUV_ARBO2,Deuxième essence du couvert arborescent,Oui,80030759196a9339cce427aa8756d4429e299c8b801dec0618a19d6eeae6cdc3
PET5,STATION_PE,COUV_ARBO3,Troisième essence du couvert arborescent,Oui,80030759196a9339cce427aa8756d4429e299c8b801dec0618a19d6eeae6cdc3
PET5,STATION_PE,COUV_ARBO,Composition du couvert arborescent,Oui,80030759196a9339cce427aa8756d4429e299c8b801dec0618a19d6eeae6cdc3
PET5,STATION_PE,GR_ECO_EL1,Premier groupe écologique élémentaire du groupe d'espèces indicatrices,Oui,80030759196a9339cce427aa8756d4429e299c8b801dec0618a19d6eeae6cdc3
PET5,STATION_PE,GR_ECO_EL2,Deuxième groupe écologique élémentaire du groupe d'espèces indicatrices,Oui,80030759196a9339cce427aa8756d4429e299c8b801dec0618a19d6eeae6cdc3
PET5,STATION_PE,GR_ECO_EL3,Troisième groupe écologique élémentaire du groupe d'espèces indicatrices,Oui,80030759196a9339cce427aa8756d4429e299c8b801dec0618a19d6eeae6cdc3
PET5,STATION_PE,GRESP_INDI,Groupe d'espèces indicatrices,Oui,80030759196a9339cce427aa8756d4429e299c8b801dec0618a19d6eeae6cdc3
PET5,STATION_PE,TYPE_FOR,Description de la végétation des espèces arborescentes et des espèces indicatrices de sous-bois de la station,,80030759196a9339cce427aa8756d4429e299c8b801dec0618a19d6eeae6cdc3
PET5,STATION_PE,ALTITUDE,Altitude de la placette récupérée géomatiquement (m),,80030759196a9339cce427aa8756d4429e299c8b801dec0618a19d6eeae6cdc3
PET5,STATION_PE,VERSANT,Position du versant,Oui,80030759196a9339cce427aa8756d4429e299c8b801dec0618a19d6eeae6cdc3
PET5,STATION_PE,PC_PENT,Pourcentage d'inclinaison de la pente (41% et plus),,80030759196a9339cce427aa8756d4429e299c8b801dec0618a19d6eeae6cdc3
PET5,DENDRO_TIGES,ID_PE,Identifiant unique de placette-échantillon,,80030759196a9339cce427aa8756d4429e299c8b801dec0618a19d6eeae6cdc3
PET5,DENDRO_TIGES,ETAT,État de la tige,Oui,80030759196a9339cce427aa8756d4429e299c8b801dec0618a19d6eeae6cdc3
PET5,DENDRO_TIGES,ESSENCE,Essence,Oui,80030759196a9339cce427aa8756d4429e299c8b801dec0618a19d6eeae6cdc3
PET5,DENDRO_TIGES,CL_DHP,Classe de diamètre à hauteur de poitrine (cm),Oui,80030759196a9339cce427aa8756d4429e299c8b801dec0618a19d6eeae6cdc3
PET5,DENDRO_TIGES,CL_DEFOL,Classe de défoliation,Oui,80030759196a9339cce427aa8756d4429e299c8b801dec0618a19d6eeae6cdc3
PET5,DENDRO_TIGES,CL_QUAL,Classe de qualité,Oui,80030759196a9339cce427aa8756d4429e299c8b801dec0618a19d6eeae6cdc3
PET5,DENDRO_TIGES,IN_VETERAN,Indicateur d'arbre vétéran,,80030759196a9339cce427aa8756d4429e299c8b801dec0618a19d6eeae6cdc3
PET5,DENDRO_TIGES,HT_TIG_CAS,Hauteur de la tige cassée (m),,80030759196a9339cce427aa8756d4429e299c8b801dec0618a19d6eeae6cdc3
PET5,DENDRO_TIGES,NB_TIGE,Nombre de tiges dénombrées avec les mêmes informations,,80030759196a9339cce427aa8756d4429e299c8b801dec0618a19d6eeae6cdc3
PET5,DENDRO_TIGES,TIGE_HA,Nombre de tiges à l'hectare (tiges/ha),,80030759196a9339cce427aa8756d4429e299c8b801dec0618a19d6eeae6cdc3
PET5,DENDRO_TIGES,ST_HA,Surface terrière à l'hectare (m²/ha),,80030759196a9339cce427aa8756d4429e299c8b801dec0618a19d6eeae6cdc3
PET5,DENDRO_TIGES,VMB_HA,Volume marchand brut à l'hectare (m³/ha),,80030759196a9339cce427aa8756d4429e299c8b801dec0618a19d6eeae6cdc3
PET5,DENDRO_TIGES,B_ARB_MA_BO_HA,Biomasse aérienne des arbres à l'hectare (ta/ha) - Bois de la partie marchande du tronc,,80030759196a9339cce427aa8756d4429e299c8b801dec0618a19d6eeae6cdc3
PET5,DENDRO_TIGES,B_ARB_MA_EC_HA,Biomasse aérienne des arbres à l'hectare (ta/ha) - Écorce de la partie marchande du tronc,,80030759196a9339cce427aa8756d4429e299c8b801dec0618a19d6eeae6cdc3
PET5,DENDRO_TIGES,B_ARB_BR_HA,"Biomasse aérienne des arbres à l'hectare (ta/ha) - Bois et écorce des branches incluant, pour les essences résineuses, la partie supérieure non marchande du tronc",,80030759196a9339cce427aa8756d4429e299c8b801dec0618a19d6eeae6cdc3
PET5,DENDRO_TIGES,B_ARB_FE_HA,Biomasse aérienne des arbres à l'hectare (ta/ha) - Feuillage,,80030759196a9339cce427aa8756d4429e299c8b801dec0618a19d6eeae6cdc3
PET5,DENDRO_TIGES,B_ARB_SOUCHE_HA,Biomasse aérienne des arbres à l'hectare (ta/ha) - Bois et écorce de la souche,,80030759196a9339cce427aa8756d4429e299c8b801dec0618a19d6eeae6cdc3
PET5,DENDRO_TIGES,B_ARB_TOT_HA,"Biomasse aérienne des arbres à l'hectare (ta/ha) - Total toutes composantes (bois, écorce, branches et feuillage)",,80030759196a9339cce427aa8756d4429e299c8b801dec0618a19d6eeae6cdc3
PET5,DENDRO_TIGES,C_ARB_MA_BO_HA,Carbone aérien des arbres à l'hectare (t/ha) - Bois de la partie marchande du tronc,,80030759196a9339cce427aa8756d4429e299c8b801dec0618a19d6eeae6cdc3
PET5,DENDRO_TIGES,C_ARB_MA_EC_HA,Carbone aérien des arbres à l'hectare (t/ha) - Écorce de la partie marchande du tronc,,80030759196a9339cce427aa8756d4429e299c8b801dec0618a19d6eeae6cdc3
PET5,DENDRO_TIGES,C_ARB_BR_HA,"Carbone aérien des arbres à l'hectare (t/ha) - Bois et écorce des branches incluant, pour les essences résineuses, la partie supérieure non marchande du tronc",,80030759196a9339cce427aa8756d4429e299c8b801dec0618a19d6eeae6cdc3
PET5,DENDRO_TIGES,C_ARB_FE_HA,Carbone aérien des arbres à l'hectare (t/ha) - Feuillage,,80030759196a9339cce427aa8756d4429e299c8b801dec0618a19d6eeae6cdc3
PET5,DENDRO_TIGES,C_ARB_SOUCHE_HA,Carbone aérien des arbres à l'hectare (ta/ha) - Bois et écorce de la souche,,80030759196a9339cce427aa8756d4429e299c8b801dec0618a19d6eeae6cdc3
PET5,DENDRO_TIGES,C_ARB_TOT_HA,"Carbone aérien des arbres à l'hectare (t/ha) - Total toutes composantes (bois, écorce, branches et feuillage)",,80030759196a9339cce427aa8756d4429e299c8b801dec0618a19d6eeae6cdc3
PET5,DENDRO_GAULES,ID_PE,Identifiant unique de placette-échantillon,,80030759196a9339cce427aa8756d4429e299c8b801dec0618a19d6eeae6cdc3
PET5,DENDRO_GAULES,ESSENCE,Essence,Oui,80030759196a9339cce427aa8756d4429e299c8b801dec0618a19d6eeae6cdc3
PET5,DENDRO_GAULES,CL_DHP,Classe de diamètre à hauteur de poitrine (cm),Oui,80030759196a9339cce427aa8756d4429e299c8b801dec0618a19d6eeae6cdc3
PET5,DENDRO_GAULES,NB_TIGE,Nombre de tiges dénombrées avec les mêmes informations,,80030759196a9339cce427aa8756d4429e299c8b801dec0618a19d6eeae6cdc3
PET5,DENDRO_GAULES,TIGE_HA,Nombre de tiges à l'hectare (tiges/ha),,80030759196a9339cce427aa8756d4429e299c8b801dec0618a19d6eeae6cdc3
PET5,DENDRO_GAULES,ST_HA,Surface terrière à l'hectare (m²/ha),,80030759196a9339cce427aa8756d4429e299c8b801dec0618a19d6eeae6cdc3
PET5,DENDRO_GAULES,B_ARB_BO_HA,Biomasse aérienne des arbres à l'hectare (ta/ha) - Bois de l'ensemble du tronc,,80030759196a9339cce427aa8756d4429e299c8b801dec0618a19d6eeae6cdc3
PET5,DENDRO_GAULES,B_ARB_BR_HA,Biomasse aérienne des arbres à l'hectare (ta/ha) - Bois et écorce des branches,,80030759196a9339cce427aa8756d4429e299c8b801dec0618a19d6eeae6cdc3
PET5,DENDRO_GAULES,B_ARB_EC_HA,Biomasse aérienne des arbres à l'hectare (ta/ha) - Écorce de l'ensemble du tronc,,80030759196a9339cce427aa8756d4429e299c8b801dec0618a19d6eeae6cdc3
PET5,DENDRO_GAULES,B_ARB_FE_HA,Biomasse aérienne des arbres à l'hectare (ta/ha) - Feuillage,,80030759196a9339cce427aa8756d4429e299c8b801dec0618a19d6eeae6cdc3
PET5,DENDRO_GAULES,B_ARB_TOT_HA,"Biomasse aérienne des arbres à l'hectare (ta/ha) - Total toutes composantes (bois, écorce, branches et feuillage)",,80030759196a9339cce427aa8756d4429e299c8b801dec0618a19d6eeae6cdc3
PET5,DENDRO_GAULES,C_ARB_BO_HA,Carbone aérien des arbres à l'hectare (t/ha) - Bois de l'ensemble du tronc,,80030759196a9339cce427aa8756d4429e299c8b801dec0618a19d6eeae6cdc3
PET5,DENDRO_GAULES,C_ARB_BR_HA,Carbone aérien des arbres à l'hectare (t/ha) - Bois et écorce des branches,,80030759196a9339cce427aa8756d4429e299c8b801dec0618a19d6eeae6cdc3
PET5,DENDRO_GAULES,C_ARB_EC_HA,Carbone aérien des arbres à l'hectare (t/ha) - Écorce de l'ensemble du tronc,,80030759196a9339cce427aa8756d4429e299c8b801dec0618a19d6eeae6cdc3
PET5,DENDRO_GAULES,C_ARB_FE_HA,Carbone aérien des arbres à l'hectare (t/ha) - Feuillage,,80030759196a9339cce427aa8756d4429e299c8b801dec0618a19d6eeae6cdc3
PET5,DENDRO_GAULES,C_ARB_TOT_HA,"Carbone aérien des arbres à l'hectare (t/ha) - Total toutes composantes (bois, écorce, branches et feuillage)",,80030759196a9339cce427aa8756d4429e299c8b801dec0618a19d6eeae6cdc3
PET5,DENDRO_TIGES_CMP,ID_PE,Identifiant unique de placette-échantillon,,80030759196a9339cce427aa8756d4429e299c8b801dec0618a19d6eeae6cdc3
PET5,DENDRO_TIGES_CMP,CAT_CO_CMP,"Catégorie définissant l'échelle de compilation des résultats (essence, groupe d'attribution, type d'essences ou total toutes essences)",Oui,80030759196a9339cce427aa8756d4429e299c8b801dec0618a19d6eeae6cdc3
PET5,DENDRO_TIGES_CMP,CO_CMP,Code identifiant une essence ou un regroupement d'essences au sein d'une catégorie,Oui,80030759196a9339cce427aa8756d4429e299c8b801dec0618a19d6eeae6cdc3
PET5,DENDRO_TIGES_CMP,TIGE_HA,Nombre de tiges à l'hectare (tiges/ha),,80030759196a9339cce427aa8756d4429e299c8b801dec0618a19d6eeae6cdc3
PET5,DENDRO_TIGES_CMP,ST_HA,Surface terrière à l'hectare (m²/ha),,80030759196a9339cce427aa8756d4429e299c8b801dec0618a19d6eeae6cdc3
PET5,DENDRO_TIGES_CMP,VMB_HA,Volume marchand brut à l'hectare (m²/ha),,80030759196a9339cce427aa8756d4429e299c8b801dec0618a19d6eeae6cdc3
PET5,DENDRO_TIGES_CMP,VMB_TIGE,Volume marchand brut moyen par tige (dm³/ha),,80030759196a9339cce427aa8756d4429e299c8b801dec0618a19d6eeae6cdc3
PET5,DENDRO_TIGES_CMP,DHPQ,Diamètre à hauteur de poitrine moyen quadratique (cm),,80030759196a9339cce427aa8756d4429e299c8b801dec0618a19d6eeae6cdc3
PET5,DENDRO_TIGES_CMP,DHPQ,Diamètre à hauteur de poitrine moyen quadratique (cm),,80030759196a9339cce427aa8756d4429e299c8b801dec0618a19d6eeae6cdc3
PET5,DENDRO_TIGES_CMP,B_ARB_MA_BO_HA,Biomasse aérienne des arbres à l'hectare (ta/ha) - Bois de la partie marchande du tronc,,80030759196a9339cce427aa8756d4429e299c8b801dec0618a19d6eeae6cdc3
PET5,DENDRO_TIGES_CMP,B_ARB_MA_EC_HA,Biomasse aérienne des arbres à l'hectare (ta/ha) - Écorce de la partie marchande du tronc,,80030759196a9339cce427aa8756d4429e299c8b801dec0618a19d6eeae6cdc3
PET5,DENDRO_TIGES_CMP,B_ARB_BR_HA,"Biomasse aérienne des arbres à l'hectare (ta/ha) - Bois et écorce des branches incluant, pour les essences résineuses, la partie supérieure non marchande du tronc",,80030759196a9339cce427aa8756d4429e299c8b801dec0618a19d6eeae6cdc3
PET5,DENDRO_TIGES_CMP,B_ARB_FE_HA,Biomasse aérienne des arbres à l'hectare (ta/ha) - Feuillage,,80030759196a9339cce427aa8756d4429e299c8b801dec0618a19d6eeae6cdc3
PET5,DENDRO_TIGES_CMP,B_ARB_SOUCHE_HA,Biomasse aérienne des arbres à l'hectare (ta/ha) - Bois et écorce de la souche,,80030759196a9339cce427aa8756d4429e299c8b801dec0618a19d6eeae6cdc3
PET5,DENDRO_TIGES_CMP,B_ARB_TOT_HA,"Biomasse aérienne des arbres à l'hectare (ta/ha) - Total toutes composantes (bois, écorce, branches et feuillage)",,80030759196a9339cce427aa8756d4429e299c8b801dec0618a19d6eeae6cdc3
PET5,DENDRO_TIGES_CMP,C_ARB_MA_BO_HA,Carbone aérien des arbres à l'hectare (t/ha) - Bois de la partie marchande du tronc,,80030759196a9339cce427aa8756d4429e299c8b801dec0618a19d6eeae6cdc3
PET5,DENDRO_TIGES_CMP,C_ARB_MA_EC_HA,Carbone aérien des arbres à l'hectare (t/ha) - Écorce de la partie marchande du tronc,,80030759196a9339cce427aa8756d4429e299c8b801dec0618a19d6eeae6cdc3
PET5,DENDRO_TIGES_CMP,C_ARB_BR_HA,"Carbone aérien des arbres à l'hectare (t/ha) - Bois et écorce des branches incluant, pour les essences résineuses, la partie supérieure non marchande du tronc",,80030759196a9339cce427aa8756d4429e299c8b801dec0618a19d6eeae6cdc3
PET5,DENDRO_TIGES_CMP,C_ARB_FE_HA,Carbone aérien des arbres à l'hectare (t/ha) - Feuillage,,80030759196a9339cce427aa8756d4429e299c8b801dec0618a19d6eeae6cdc3
PET5,DENDRO_TIGES_CMP,C_ARB_SOUCHE_HA,Carbone aérien des arbres à l'hectare (ta/ha) - Bois et écorce de la souche,,80030759196a9339cce427aa8756d4429e299c8b801dec0618a19d6eeae6cdc3
PET5,DENDRO_TIGES_CMP,C_ARB_TOT_HA,"Carbone aérien des arbres à l'hectare (t/ha) - Total toutes composantes (bois, écorce, branches et feuillage)",,80030759196a9339cce427aa8756d4429e299c8b801dec0618a19d6eeae6cdc3
PET5,DENDRO_ARBRES_ETUDES,ID_PE,Identifiant unique de placette-échantillon,,80030759196a9339cce427aa8756d4429e299c8b801dec0618a19d6eeae6cdc3
PET5,DENDRO_ARBRES_ETUDES,NO_ARBRE,Numéro d'arbre,,80030759196a9339cce427aa8756d4429e299c8b801dec0618a19d6eeae6cdc3
PET5,DENDRO_ARBRES_ETUDES,ID_ARBRE,Identifiant de l'arbre,,80030759196a9339cce427aa8756d4429e299c8b801dec0618a19d6eeae6cdc3
PET5,DENDRO_ARBRES_ETUDES,MET_SELEC,Méthode de sélection de l'arbre-étude,Oui,80030759196a9339cce427aa8756d4429e299c8b801dec0618a19d6eeae6cdc3
PET5,DENDRO_ARBRES_ETUDES,ESSENCE,Essence,Oui,80030759196a9339cce427aa8756d4429e299c8b801dec0618a19d6eeae6cdc3
PET5,DENDRO_ARBRES_ETUDES,CL_DEFOL,Classe de défoliation,Oui,80030759196a9339cce427aa8756d4429e299c8b801dec0618a19d6eeae6cdc3
PET5,DENDRO_ARBRES_ETUDES,CL_QUAL,Classe de qualité,Oui,80030759196a9339cce427aa8756d4429e299c8b801dec0618a19d6eeae6cdc3
PET5,DENDRO_ARBRES_ETUDES,ETAGE_ARB,Étage de l'arbre par rapport aux autres arbres du peuplement,Oui,80030759196a9339cce427aa8756d4429e299c8b801dec0618a19d6eeae6cdc3
PET5,DENDRO_ARBRES_ETUDES,DHP,Diamètre à hauteur de poitrine (mm),,80030759196a9339cce427aa8756d4429e299c8b801dec0618a19d6eeae6cdc3
PET5,DENDRO_ARBRES_ETUDES,HAUT_ARBRE,Hauteur de l'arbre (dm),,80030759196a9339cce427aa8756d4429e299c8b801dec0618a19d6eeae6cdc3
PET5,DENDRO_ARBRES_ETUDES,NIVLECTAGE,Niveau de lecture de l'âge (cm),Oui,80030759196a9339cce427aa8756d4429e299c8b801dec0618a19d6eeae6cdc3
PET5,DENDRO_ARBRES_ETUDES,AGE,Âge,,80030759196a9339cce427aa8756d4429e299c8b801dec0618a19d6eeae6cdc3
PET5,DENDRO_ARBRES_ETUDES,AGE_SANSOP,Âge sans période d'oppression,,80030759196a9339cce427aa8756d4429e299c8b801dec0618a19d6eeae6cdc3
PET5,DENDRO_ARBRES_ETUDES,SOURCE_AGE,Source de l'âge,Oui,80030759196a9339cce427aa8756d4429e299c8b801dec0618a19d6eeae6cdc3
PET5,DENDRO_ARBRES_ETUDES,CAR_AUTFEU,Indicateur de récolte de carotte pour autres feuillus,Oui,80030759196a9339cce427aa8756d4429e299c8b801dec0618a19d6eeae6cdc3
PET5,DENDRO_ARBRES_ETUDES,LONG_RAYON,Longueur du rayon (mm),,80030759196a9339cce427aa8756d4429e299c8b801dec0618a19d6eeae6cdc3
PET5,DENDRO_ARBRES_ETUDES,LONG_10,Longueur des 10 dernières années (mm),,80030759196a9339cce427aa8756d4429e299c8b801dec0618a19d6eeae6cdc3
PET5,DENDRO_ARBRES,ID_PE,Identifiant unique de placette-échantillon,,80030759196a9339cce427aa8756d4429e299c8b801dec0618a19d6eeae6cdc3
PET5,DENDRO_ARBRES,NO_ARBRE,Numéro d'arbre,,80030759196a9339cce427aa8756d4429e299c8b801dec0618a19d6eeae6cdc3
PET5,DENDRO_ARBRES,ID_ARBRE,Identifiant de l'arbre,,80030759196a9339cce427aa8756d4429e299c8b801dec0618a19d6eeae6cdc3
PET5,DENDRO_ARBRES,MET_SELEC,Méthode de sélection de l'arbre-étude,Oui,80030759196a9339cce427aa8756d4429e299c8b801dec0618a19d6eeae6cdc3
PET5,DENDRO_ARBRES,ETAT,État de la tige,Oui,80030759196a9339cce427aa8756d4429e299c8b801dec0618a19d6eeae6cdc3
PET5,DENDRO_ARBRES,ESSENCE,Essence,Oui,80030759196a9339cce427aa8756d4429e299c8b801dec0618a19d6eeae6cdc3
PET5,DENDRO_ARBRES,CL_DHP,Classe de diamètre à hauteur de poitrine (cm),Oui,80030759196a9339cce427aa8756d4429e299c8b801dec0618a19d6eeae6cdc3
PET5,DENDRO_ARBRES,DHP,Diamètre à hauteur de poitrine (mm),,80030759196a9339cce427aa8756d4429e299c8b801dec0618a19d6eeae6cdc3
PET5,DENDRO_ARBRES,IN_1410,Indicateur de présence dans la placette de 14.10 m de rayon,,80030759196a9339cce427aa8756d4429e299c8b801dec0618a19d6eeae6cdc3
PET5,DENDRO_ARBRES,CL_DEFOL,Classe de défoliation,Oui,80030759196a9339cce427aa8756d4429e299c8b801dec0618a19d6eeae6cdc3
PET5,DENDRO_ARBRES,CL_QUAL,Classe de qualité,Oui,80030759196a9339cce427aa8756d4429e299c8b801dec0618a19d6eeae6cdc3
PET5,DENDRO_ARBRES,HT_TIG_CAS,Hauteur de la tige cassée (m),,80030759196a9339cce427aa8756d4429e299c8b801dec0618a19d6eeae6cdc3
PET5,DENDRO_ARBRES,IN_VETERAN,Indicateur d'arbre vétéran,,80030759196a9339cce427aa8756d4429e299c8b801dec0618a19d6eeae6cdc3
PET5,DENDRO_ARBRES,HAUT_ARBRE,Hauteur de l'arbre (dm),,80030759196a9339cce427aa8756d4429e299c8b801dec0618a19d6eeae6cdc3
PET5,DENDRO_ARBRES,ETAGE_ARB,Étage de l'arbre par rapport aux autres arbres du peuplement,Oui,80030759196a9339cce427aa8756d4429e299c8b801dec0618a19d6eeae6cdc3
PET5,DENDRO_ARBRES,NIVLECTAGE,Niveau de lecture de l'âge (cm),Oui,80030759196a9339cce427aa8756d4429e299c8b801dec0618a19d6eeae6cdc3
PET5,DENDRO_ARBRES,AGE,Âge,,80030759196a9339cce427aa8756d4429e299c8b801dec0618a19d6eeae6cdc3
PET5,DENDRO_ARBRES,AGE_SANSOP,Âge sans période d'oppression,,80030759196a9339cce427aa8756d4429e299c8b801dec0618a19d6eeae6cdc3
PET5,DENDRO_ARBRES,SOURCE_AGE,Source de l'âge,Oui,80030759196a9339cce427aa8756d4429e299c8b801dec0618a19d6eeae6cdc3
PET5,DENDRO_ARBRES,CAR_AUTFEU,Indicateur de récolte de carotte pour autres feuillus,Oui,80030759196a9339cce427aa8756d4429e299c8b801dec0618a19d6eeae6cdc3
PET5,DENDRO_ARBRES,LONG_RAYON,Longueur du rayon (mm),,80030759196a9339cce427aa8756d4429e299c8b801dec0618a19d6eeae6cdc3
PET5,DENDRO_ARBRES,LONG_10,Longueur des 10 dernières années (mm),,80030759196a9339cce427aa8756d4429e299c8b801dec0618a19d6eeae6cdc3
PET5,DENDRO_ARBRES,HAUT_ESTI,Hauteur estimée de la tige (dm),,80030759196a9339cce427aa8756d4429e299c8b801dec0618a19d6eeae6cdc3
PET5,DENDRO_ARBRES,TIGE_HA,Nombre de tiges à l'hectare (tiges/ha),,80030759196a9339cce427aa8756d4429e299c8b801dec0618a19d6eeae6cdc3
PET5,DENDRO_ARBRES,ST_HA,Surface terrière à l'hectare (m²/ha),,80030759196a9339cce427aa8756d4429e299c8b801dec0618a19d6eeae6cdc3
PET5,DENDRO_ARBRES,VMB_HA,Volume marchand brut à l'hectare (m³/ha),,80030759196a9339cce427aa8756d4429e299c8b801dec0618a19d6eeae6cdc3
PET5,DENDRO_ARBRES,B_ARB_MA_BO_HA,Biomasse aérienne des arbres à l'hectare (ta/ha) - Bois de la partie marchande du tronc,,80030759196a9339cce427aa8756d4429e299c8b801dec0618a19d6eeae6cdc3
PET5,DENDRO_ARBRES,B_ARB_MA_EC_HA,Biomasse aérienne des arbres à l'hectare (ta/ha) - Écorce de la partie marchande du tronc,,80030759196a9339cce427aa8756d4429e299c8b801dec0618a19d6eeae6cdc3
PET5,DENDRO_ARBRES,B_ARB_BR_HA,"Biomasse aérienne des arbres à l'hectare (ta/ha) - Bois et écorce des branches incluant, pour les essences résineuses, la partie supérieure non marchande du tronc",,80030759196a9339cce427aa8756d4429e299c8b801dec0618a19d6eeae6cdc3
PET5,DENDRO_ARBRES,B_ARB_FE_HA,Biomasse aérienne des arbres à l'hectare (ta/ha) - Feuillage,,80030759196a9339cce427aa8756d4429e299c8b801dec0618a19d6eeae6cdc3
PET5,DENDRO_ARBRES,B_ARB_SOUCHE_HA,Biomasse aérienne des arbres à l'hectare (ta/ha) - Bois et écorce de la souche,,80030759196a9339cce427aa8756d4429e299c8b801dec0618a19d6eeae6cdc3
PET5,DENDRO_ARBRES,B_ARB_TOT_HA,"Biomasse aérienne des arbres à l'hectare (ta/ha) - Total toutes composantes (bois, écorce, branches et feuillage)",,80030759196a9339cce427aa8756d4429e299c8b801dec0618a19d6eeae6cdc3
PET5,DENDRO_ARBRES,C_ARB_MA_BO_HA,Carbone aérien des arbres à l'hectare (t/ha) - Bois de la partie marchande du tronc,,80030759196a9339cce427aa8756d4429e299c8b801dec0618a19d6eeae6cdc3
PET5,DENDRO_ARBRES,C_ARB_MA_EC_HA,Carbone aérien des arbres à l'hectare (t/ha) - Écorce de la partie marchande du tronc,,80030759196a9339cce427aa8756d4429e299c8b801dec0618a19d6eeae6cdc3
PET5,DENDRO_ARBRES,C_ARB_BR_HA,"Carbone aérien des arbres à l'hectare (t/ha) - Bois et écorce des branches incluant, pour les essences résineuses, la partie supérieure non marchande du tronc",,80030759196a9339cce427aa8756d4429e299c8b801dec0618a19d6eeae6cdc3
PET5,DENDRO_ARBRES,C_ARB_FE_HA,Carbone aérien des arbres à l'hectare (t/ha) - Feuillage,,80030759196a9339cce427aa8756d4429e299c8b801dec0618a19d6eeae6cdc3
PET5,DENDRO_ARBRES,C_ARB_SOUCHE_HA,Carbone aérien des arbres à l'hectare (ta/ha) - Bois et écorce de la souche,,80030759196a9339cce427aa8756d4429e299c8b801dec0618a19d6eeae6cdc3
PET5,DENDRO_ARBRES,C_ARB_TOT_HA,"Carbone aérien des arbres à l'hectare (t/ha) - Total toutes composantes (bois, écorce, branches et feuillage)",,80030759196a9339cce427aa8756d4429e299c8b801dec0618a19d6eeae6cdc3
PET5,CLASSI_ECO_PE,ID_PE,Identifiant unique de placette-échantillon,,80030759196a9339cce427aa8756d4429e299c8b801dec0618a19d6eeae6cdc3
PET5,CLASSI_ECO_PE,ZONE_VEG,Zone de végétation,Oui,80030759196a9339cce427aa8756d4429e299c8b801dec0618a19d6eeae6cdc3
PET5,CLASSI_ECO_PE,SZONE_VEG,Sous-zone de végétation,Oui,80030759196a9339cce427aa8756d4429e299c8b801dec0618a19d6eeae6cdc3
PET5,CLASSI_ECO_PE,DOM_BIO,Domaine bioclimatique,Oui,80030759196a9339cce427aa8756d4429e299c8b801dec0618a19d6eeae6cdc3
PET5,CLASSI_ECO_PE,SDOM_BIO,Sous-domaine bioclimatique,Oui,80030759196a9339cce427aa8756d4429e299c8b801dec0618a19d6eeae6cdc3
PET5,CLASSI_ECO_PE,REG_ECO,Région écologique,Oui,80030759196a9339cce427aa8756d4429e299c8b801dec0618a19d6eeae6cdc3
PET5,CLASSI_ECO_PE,SREG_ECO,Sous-région écologique,Oui,80030759196a9339cce427aa8756d4429e299c8b801dec0618a19d6eeae6cdc3
PET5,CLASSI_ECO_PE,UPAYS_REG,Unité de paysage régional,Oui,80030759196a9339cce427aa8756d4429e299c8b801dec0618a19d6eeae6cdc3
PET5,CLASSI_ECO_PE,DIS_ECO,District écologique,Oui,80030759196a9339cce427aa8756d4429e299c8b801dec0618a19d6eeae6cdc3
PET5,META_SOND,TYPE_TERRI,Type de périmètre du territoire d'intérêt,Oui,80030759196a9339cce427aa8756d4429e299c8b801dec0618a19d6eeae6cdc3
PET5,META_SOND,NO_TERRI,Numéro de référence du territoire d'intérêt utilisé selon le type de périmètre,,80030759196a9339cce427aa8756d4429e299c8b801dec0618a19d6eeae6cdc3
PET5,META_SOND,NOM_TERRI,Nom du territoire,,80030759196a9339cce427aa8756d4429e299c8b801dec0618a19d6eeae6cdc3
PET5,META_SOND,US_FOR,Unité de sondage de la carte écoforestière,,80030759196a9339cce427aa8756d4429e299c8b801dec0618a19d6eeae6cdc3
PET5,META_SOND,AN_SON_PE,Année de réalisation des placettes-échantillons,,80030759196a9339cce427aa8756d4429e299c8b801dec0618a19d6eeae6cdc3
PET5,META_SOND,MET_SOND,Méthode générale de définition du plan de sondage,Oui,80030759196a9339cce427aa8756d4429e299c8b801dec0618a19d6eeae6cdc3
PET5,META_SOND,SUP_FOR_US,Superficie forestière de l'unité de sondage,,80030759196a9339cce427aa8756d4429e299c8b801dec0618a19d6eeae6cdc3
PET5,META_SOND,SUP_SOND,Superficie sondée,,80030759196a9339cce427aa8756d4429e299c8b801dec0618a19d6eeae6cdc3
PET5,META_SOND,PET5,Nombre total de PET du 4e inventaire établies dans l'unité de sondage,,80030759196a9339cce427aa8756d4429e299c8b801dec0618a19d6eeae6cdc3
PET5,META_SOND,RM_SOND_US,Remarques concernant le plan de sondage à l'échelle de l'unité de sondage,,80030759196a9339cce427aa8756d4429e299c8b801dec0618a19d6eeae6cdc3
PET5,META_NOTES_PE,ID_PE,Identifiant unique de placette-échantillon,,80030759196a9339cce427aa8756d4429e299c8b801dec0618a19d6eeae6cdc3
PET5,META_NOTES_PE,NOTES,Toutes notes jugées pertinentes par l'équipe terrain qui ne peut être saisie dans aucun autre attribut,,80030759196a9339cce427aa8756d4429e299c8b801dec0618a19d6eeae6cdc3
PET5,META_NOTES_PE,RM_SOND_PE,Remarques concernant le plan de sondage à l'échelle de la placette,,80030759196a9339cce427aa8756d4429e299c8b801dec0618a19d6eeae6cdc3
PET5,META_PRJ_PE,NO_PRJ,Numéro du projet à l'implantation de la placette,,80030759196a9339cce427aa8756d4429e299c8b801dec0618a19d6eeae6cdc3
PET5,META_PRJ_PE,AN_SOND,Année du sondage,,80030759196a9339cce427aa8756d4429e299c8b801dec0618a19d6eeae6cdc3
PET5,META_PRJ_PE,NOM_PRJ,Nom du projet de sondage,,80030759196a9339cce427aa8756d4429e299c8b801dec0618a19d6eeae6cdc3
PET5,META_PRJ_PE,ORGORIGINE,Organisme d'origine,Oui,80030759196a9339cce427aa8756d4429e299c8b801dec0618a19d6eeae6cdc3
PET5,META_PRJ_PE,NBRE_PE,Nombre total de PET,,80030759196a9339cce427aa8756d4429e299c8b801dec0618a19d6eeae6cdc3
